Timestamp,SKU,Location
2025-04-04 21:05:55,HAUT8J00S,R2K53-N-AD1
2025-04-04 21:05:53,HAUT8J00M,R2K53-N-AD2
2025-04-04 21:05:52,HAUT8J0XL,R2K53-N-BD2
2025-04-04 21:05:51,HAUT8J00L,R2K53-N-BD1
2025-04-04 21:05:49,HAUT8J2XL,R2K53-N-CD1
2025-04-04 21:05:48,HAUT8J3XL,R2K53-N-CD2
2025-04-04 21:05:46,EMPTY,R2K53-N-DD2
2025-04-04 21:05:45,EMPTY,R2K53-N-DD1
2025-04-04 21:05:43,HAUT3D00S,R2J53-N-AD1
2025-04-04 21:05:41,HAUT3D00M,R2J53-N-AD2
2025-04-04 21:05:39,HAUT3D0XL,R2J53-N-BD2
2025-04-04 21:05:37,HAUT3D00L,R2J53-N-BD1
2025-04-04 21:05:36,HAUT3D2XL,R2J53-N-CD1
2025-04-04 21:05:35,HAUT3D3XL,R2J53-N-CD2
2025-04-04 21:05:33,EMPTY,R2J53-N-DD2
2025-04-04 21:05:31,EMPTY,R2J53-N-DD1
2025-04-04 21:05:24,HAUTD200S,R2I53-N-AD1
2025-04-04 21:05:23,HAUTD200M,R2I53-N-AD2
2025-04-04 21:05:21,HAUTD20XL,R2I53-N-BD2
2025-04-04 21:05:20,HAUTD200L,R2I53-N-BD1
2025-04-04 21:05:18,HAUTD22XL,R2I53-N-CD1
2025-04-04 21:05:16,HAUTD23XL,R2I53-N-CD2
2025-04-04 21:05:15,EMPTY,R2I53-N-DD2
2025-04-04 21:05:14,EMPTY,R2I53-N-DD1
2025-04-04 21:05:12,HAUT4J00S,R2H53-N-AD1
2025-04-04 21:05:10,HAUT4J00M,R2H53-N-AD2
2025-04-04 21:05:09,HAUT4J0XL,R2H53-N-BD2
2025-04-04 21:05:07,HAUT4J00L,R2H53-N-BD1
2025-04-04 21:05:06,HAUT4J2XL,R2H53-N-CD1
2025-04-04 21:05:03,HAUT4J3XL,R2H53-N-CD2
2025-04-04 21:05:02,HAUT4J5XL,R2H53-N-DD2
2025-04-04 21:05:01,HAUT4J4XL,R2H53-N-DD1
2025-04-04 21:04:58,HAUT5G00S,R2G53-N-AD1
2025-04-04 21:04:57,HAUT5G00M,R2G53-N-AD2
2025-04-04 21:04:56,HAUT5G0XL,R2G53-N-BD2
2025-04-04 21:04:54,HAUT5G00L,R2G53-N-BD1
2025-04-04 21:04:51,HAUT5G2XL,R2G53-N-CD1
2025-04-04 21:04:50,HAUT5G3XL,R2G53-N-CD2
2025-04-04 21:04:49,HAUT5G5XL,R2G53-N-DD2
2025-04-04 21:04:47,HAUT5G4XL,R2G53-N-DD1
2025-04-04 21:04:45,HAUT3Y00S,R2G55-S-AD1
2025-04-04 21:04:44,HAUT3Y00M,R2G55-S-AD2
2025-04-04 21:04:42,HAUT3Y0XL,R2G55-S-BD2
2025-04-04 21:04:41,HAUT3Y00L,R2G55-S-BD1
2025-04-04 21:04:40,HAUT3Y2XL,R2G55-S-CD1
2025-04-04 21:04:38,HAUT3Y3XL,R2G55-S-CD2
2025-04-04 21:04:36,HAUT3Y5XL,R2G55-S-DD2
2025-04-04 21:04:34,HAUT3Y4XL,R2G55-S-DD1
2025-04-04 21:04:32,HAUTL800S,R2H55-S-AD1
2025-04-04 21:04:30,HAUTL800M,R2H55-S-AD2
2025-04-04 21:04:29,HAUTL80XL,R2H55-S-BD2
2025-04-04 21:04:28,HAUTL800L,R2H55-S-BD1
2025-04-04 21:04:26,HAUTL82XL,R2H55-S-CD1
2025-04-04 21:04:25,HAUTL83XL,R2H55-S-CD2
2025-04-04 21:04:24,HAUTL85XL,R2H55-S-DD2
2025-04-04 21:04:22,HAUTL84XL,R2H55-S-DD1
2025-04-04 21:04:20,HAUT4O00S,R2I55-S-AD1
2025-04-04 21:04:18,HAUT4O00M,R2I55-S-AD2
2025-04-04 21:04:17,HAUT4O0XL,R2I55-S-BD2
2025-04-04 21:04:15,HAUT4O00L,R2I55-S-BD1
2025-04-04 21:04:14,HAUT4O2XL,R2I55-S-CD1
2025-04-04 21:04:13,HAUT4O3XL,R2I55-S-CD2
2025-04-04 21:04:12,HAUT4O5XL,R2I55-S-DD2
2025-04-04 21:04:10,HAUT4O4XL,R2I55-S-DD1
2025-04-04 21:03:15,EMPTY,R2K55-S-DT3
2025-04-04 21:03:13,EMPTY,R2K55-S-DT2
2025-04-04 21:03:12,EMPTY,R2K55-S-DT1
2025-04-04 21:03:07,NLWVW40XS,R2K55-N-AT1
2025-04-04 21:03:05,NLWVW400S,R2K55-N-AT2
2025-04-04 21:03:03,NLWVW400M,R2K55-N-AT3
2025-04-04 21:03:02,NLWVW42XL,R2K55-N-BT3
2025-04-04 21:03:01,NLWVW40XL,R2K55-N-BT2
2025-04-04 21:02:59,NLWVW400L,R2K55-N-BT1
2025-04-04 21:02:57,NLWV4R0XS,R2K55-N-CT1
2025-04-04 21:02:56,NLWV4R00S,R2K55-N-CT2
2025-04-04 21:02:55,NLWV4R00M,R2K55-N-CT3
2025-04-04 21:02:50,NLWV4R2XL,R2K55-N-DT3
2025-04-04 21:02:49,NLWV4R0XL,R2K55-N-DT2
2025-04-04 21:02:47,NLWV4R00L,R2K55-N-DT1
2025-04-04 21:02:44,HAUT6G00S,R2J55-N-AD1
2025-04-04 21:02:43,HAUT6G00M,R2J55-N-AD2
2025-04-04 21:02:41,HAUT6G0XL,R2J55-N-BD2
2025-04-04 21:02:39,HAUT6G00L,R2J55-N-BD1
2025-04-04 21:02:37,HAUT6G2XL,R2J55-N-CD1
2025-04-04 21:02:36,HAUT6G3XL,R2J55-N-CD2
2025-04-04 21:02:35,HAUT6G5XL,R2J55-N-DD2
2025-04-04 21:02:34,HAUT6G4XL,R2J55-N-DD1
2025-04-04 21:02:31,HAUTCL00S,R2I55-N-AD1
2025-04-04 21:02:29,HAUTCL00M,R2I55-N-AD2
2025-04-04 21:02:28,HAUTCL0XL,R2I55-N-BD2
2025-04-04 21:02:27,HAUTCL00L,R2I55-N-BD1
2025-04-04 21:02:25,HAUTCL2XL,R2I55-N-CD1
2025-04-04 21:02:24,HAUTCL3XL,R2I55-N-CD2
2025-04-04 21:02:21,HAUTCL5XL,R2I55-N-DD2
2025-04-04 21:02:20,HAUTCL4XL,R2I55-N-DD1
2025-04-04 21:02:17,HAUT2V00S,R2H55-N-AD1
2025-04-04 21:02:16,HAUT2V00M,R2H55-N-AD2
2025-04-04 21:02:14,HAUT2V0XL,R2H55-N-BD2
2025-04-04 21:02:13,HAUT2V00L,R2H55-N-BD1
2025-04-04 21:02:11,HAUT2V2XL,R2H55-N-CD1
2025-04-04 21:02:10,HAUT2V3XL,R2H55-N-CD2
2025-04-04 21:02:08,HAUT2V5XL,R2H55-N-DD2
2025-04-04 21:02:07,HAUT2V4XL,R2H55-N-DD1
2025-04-04 21:02:03,HAUT9J00M,R2G55-N-AD2
2025-04-04 21:02:01,HAUT9J00S,R2G55-N-AD1
2025-04-04 21:01:53,HAUT9J0XL,R2G55-N-BD2
2025-04-04 21:01:50,HAUT9J00L,R2G55-N-BD1
2025-04-04 21:01:50,HAUT9J00L,R2G55-N-BD1
2025-04-04 21:01:47,HAUT9J2XL,R2G55-N-CD1
2025-04-04 21:01:45,HAUT9J3XL,R2G55-N-CD2
2025-04-04 21:01:44,HAUT9J5XL,R2G55-N-DD2
2025-04-04 21:01:42,HAUT9J4XL,R2G55-N-DD1
2025-04-04 21:01:38,EMPTY,R2G57-S-AT1
2025-04-04 21:01:37,EMPTY,R2G57-S-AT2
2025-04-04 21:01:35,EMPTY,R2G57-S-AT3
2025-04-04 21:01:33,NLWV3N3XL,R2G57-S-BT3
2025-04-04 21:01:32,EMPTY,R2G57-S-BT2
2025-04-04 21:01:31,NLWV2B3XL,R2G57-S-BT1
2025-04-04 21:01:29,EMPTY,R2G57-S-CT1
2025-04-04 21:01:28,EMPTY,R2G57-S-CT2
2025-04-04 21:01:26,EMPTY,R2G57-S-CT3
2025-04-04 21:01:25,NLWVL93XL,R2G57-S-DT3
2025-04-04 21:01:23,NLWV4R3XL,R2G57-S-DT2
2025-04-04 21:01:22,NLWV2W3XL,R2G57-S-DT1
2025-04-04 21:01:20,NLWV6C0XS,R2H57-S-AT1
2025-04-04 21:01:18,NLWV6C00S,R2H57-S-AT2
2025-04-04 21:01:16,NLWV6C00M,R2H57-S-AT3
2025-04-04 21:01:15,NLWV6C2XL,R2H57-S-BT3
2025-04-04 21:01:13,NLWV6C0XL,R2H57-S-BT2
2025-04-04 21:01:12,NLWV6C00L,R2H57-S-BT1
2025-04-04 21:01:10,NLWV2Q0XS,R2H57-S-CT1
2025-04-04 21:01:09,NLWV2Q00S,R2H57-S-CT2
2025-04-04 21:01:08,NLWV2Q00M,R2H57-S-CT3
2025-04-04 21:01:06,NLWV2Q2XL,R2H57-S-DT3
2025-04-04 21:01:05,NLWV2Q0XL,R2H57-S-DT2
2025-04-04 21:01:04,NLWV2Q00L,R2H57-S-DT1
2025-04-04 21:00:59,NLWV4Q0XS,R2I57-S-AT1
2025-04-04 21:00:58,NLWV4Q00S,R2I57-S-AT2
2025-04-04 21:00:56,NLWV4Q00M,R2I57-S-AT3
2025-04-04 21:00:55,NLWV4Q2XL,R2I57-S-BT3
2025-04-04 21:00:53,NLWV4Q0XL,R2I57-S-BT2
2025-04-04 21:00:52,NLWV4Q00L,R2I57-S-BT1
2025-04-04 21:00:51,NLWV1F0XS,R2I57-S-CT1
2025-04-04 21:00:49,NLWV1F00S,R2I57-S-CT2
2025-04-04 21:00:48,NLWV1F00M,R2I57-S-CT3
2025-04-04 21:00:47,NLWV1F2XL,R2I57-S-DT3
2025-04-04 21:00:45,NLWV1F0XL,R2I57-S-DT2
2025-04-04 21:00:43,NLWV1F00L,R2I57-S-DT1
2025-04-04 21:00:35,NLWV0Y0XS,R2J57-S-CT1
2025-04-04 21:00:33,NLWV0Y00S,R2J57-S-CT2
2025-04-04 21:00:32,NLWV0Y00M,R2J57-S-CT3
2025-04-04 21:00:31,NLWV0Y2XL,R2J57-S-DT3
2025-04-04 21:00:30,NLWV0Y0XL,R2J57-S-DT2
2025-04-04 21:00:29,NLWV0Y00L,R2J57-S-DT1
2025-04-04 21:00:25,EMPTY,R2K57-S-AT1
2025-04-04 21:00:23,EMPTY,R2K57-S-AT3
2025-04-04 21:00:21,EMPTY,R2K57-S-AT2
2025-04-04 21:00:19,EMPTY,R2K57-S-BT1
2025-04-04 21:00:17,EMPTY,R2K57-S-BT3
2025-04-04 21:00:16,EMPTY,R2K57-S-BT2
2025-04-04 21:00:14,BTRDZ20XS,R2K57-S-CT1
2025-04-04 21:00:13,BTRDZ200S,R2K57-S-CT2
2025-04-04 21:00:09,BTRDZ200M,R2K57-S-CT3
2025-04-04 21:00:07,BTRDZ22XL,R2K57-S-DT3
2025-04-04 21:00:06,BTRDZ20XL,R2K57-S-DT2
2025-04-04 21:00:05,BTRDZ200L,R2K57-S-DT1
2025-04-04 20:59:55,BTRDZ30XS,R2K57-N-AT1
2025-04-04 20:59:54,BTRDZ300S,R2K57-N-AT2
2025-04-04 20:59:53,BTRDZ300M,R2K57-N-AT3
2025-04-04 20:59:51,BTRDZ32XL,R2K57-N-BT3
2025-04-04 20:59:50,BTRDZ30XL,R2K57-N-BT2
2025-04-04 20:59:49,BTRDZ300L,R2K57-N-BT1
2025-04-04 20:59:47,BTRDZ10XS,R2K57-N-CT1
2025-04-04 20:59:45,BTRDZ100S,R2K57-N-CT2
2025-04-04 20:59:44,BTRDZ100M,R2K57-N-CT3
2025-04-04 20:59:43,BTRDZ12XL,R2K57-N-DT3
2025-04-04 20:59:42,BTRDZ10XL,R2K57-N-DT2
2025-04-04 20:59:41,BTRDZ100L,R2K57-N-DT1
2025-04-04 20:59:38,NLWV3N0XS,R2J57-N-AT1
2025-04-04 20:59:37,NLWV3N00S,R2J57-N-AT2
2025-04-04 20:59:36,NLWV3N00M,R2J57-N-AT3
2025-04-04 20:59:34,NLWV3N2XL,R2J57-N-BT3
2025-04-04 20:59:33,NLWV3N0XL,R2J57-N-BT2
2025-04-04 20:59:31,NLWV3N00L,R2J57-N-BT1
2025-04-04 20:59:29,NLWVL90XS,R2J57-N-CT1
2025-04-04 20:59:28,NLWVL900S,R2J57-N-CT2
2025-04-04 20:59:27,NLWVL900M,R2J57-N-CT3
2025-04-04 20:59:26,NLWVL92XL,R2J57-N-DT3
2025-04-04 20:59:24,NLWVL90XL,R2J57-N-DT2
2025-04-04 20:59:23,NLWVL900L,R2J57-N-DT1
2025-04-04 20:59:19,NLWV2B0XS,R2I57-N-AT1
2025-04-04 20:59:17,NLWV2B00S,R2I57-N-AT2
2025-04-04 20:59:16,NLWV2B00M,R2I57-N-AT3
2025-04-04 20:59:15,NLWV2B2XL,R2I57-N-BT3
2025-04-04 20:59:13,NLWV2B0XL,R2I57-N-BT2
2025-04-04 20:59:12,NLWV2B00L,R2I57-N-BT1
2025-04-04 20:59:11,NLWV0Q0XS,R2I57-N-CT1
2025-04-04 20:59:10,NLWV0Q00S,R2I57-N-CT2
2025-04-04 20:59:08,NLWV0Q00M,R2I57-N-CT3
2025-04-04 20:59:07,NLWV0Q2XL,R2I57-N-DT3
2025-04-04 20:59:05,NLWV0Q0XL,R2I57-N-DT2
2025-04-04 20:59:04,NLWV0Q00L,R2I57-N-DT1
2025-04-04 20:59:01,NLWV2W0XS,R2H57-N-AT1
2025-04-04 20:59:00,NLWV2W00S,R2H57-N-AT2
2025-04-04 20:58:58,NLWV2W00M,R2H57-N-AT3
2025-04-04 20:58:56,NLWV2W2XL,R2H57-N-BT3
2025-04-04 20:58:54,NLWV2W00L,R2H57-N-BT1
2025-04-04 20:58:53,NLWV2W0XL,R2H57-N-BT2
2025-04-04 20:58:51,EMPTY,R2H57-N-CT1
2025-04-04 20:58:49,EMPTY,R2H57-N-CT3
2025-04-04 20:58:47,EMPTY,R2H57-N-CT2
2025-04-04 20:58:44,EMPTY,R2H57-N-DT3
2025-04-04 20:58:43,EMPTY,R2H57-N-DT2
2025-04-04 20:58:42,EMPTY,R2H57-N-DT1
2025-04-04 20:58:39,EMPTY,R2G57-N-AT3
2025-04-04 20:58:38,EMPTY,R2G57-N-AT2
2025-04-04 20:58:37,EMPTY,R2G57-N-AT1
2025-04-04 20:58:34,EMPTY,R2G57-N-BT3
2025-04-04 20:58:31,NLWV4Q3XL,R2G57-N-BT2
2025-04-04 20:58:27,NLWV2Q3XL,R2G57-N-CT1
2025-04-04 20:58:26,EMPTY,R2G57-N-CT2
2025-04-04 20:58:24,EMPTY,R2G57-N-CT3
2025-04-04 20:58:22,EMPTY,R2G57-N-DT3
2025-04-04 20:58:21,EMPTY,R2G57-N-DT2
2025-04-04 20:58:19,NLWV6C3XL,R2G57-N-DT1
2025-04-04 20:58:14,WOGPG200L,R2G59-S-AT1
2025-04-04 20:58:12,WOGPG200S,R2G59-S-AT2
2025-04-04 20:58:10,WOGPG200M,R2G59-S-AT3
2025-04-04 20:58:09,WOGPG23XL,R2G59-S-BT3
2025-04-04 20:58:08,WOGPG22XL,R2G59-S-BT2
2025-04-04 20:58:06,WOGPG20XL,R2G59-S-BT1
2025-04-04 20:58:05,WOGP1M00L,R2G59-S-CT1
2025-04-04 20:58:03,WOGP1M00S,R2G59-S-CT2
2025-04-04 20:58:02,WOGP1M00M,R2G59-S-CT3
2025-04-04 20:58:01,EMPTY,R2G59-S-DT3
2025-04-04 20:57:59,WOGP1M2XL,R2G59-S-DT2
2025-04-04 20:57:57,WOGP1M0XL,R2G59-S-DT1
2025-04-04 20:57:55,WOGP1N00L,R2H59-S-AT1
2025-04-04 20:57:54,WOGP1N00S,R2H59-S-AT2
2025-04-04 20:57:52,WOGP1N00M,R2H59-S-AT3
2025-04-04 20:57:51,WOGP1N3XL,R2H59-S-BT3
2025-04-04 20:57:50,WOGP1N2XL,R2H59-S-BT2
2025-04-04 20:57:48,WOGP1N0XL,R2H59-S-BT1
2025-04-04 20:57:47,WOGP7S00L,R2H59-S-CT1
2025-04-04 20:57:46,WOGP7S00S,R2H59-S-CT2
2025-04-04 20:57:44,WOGP7S00M,R2H59-S-CT3
2025-04-04 20:57:43,WOGP7S3XL,R2H59-S-DT3
2025-04-04 20:57:42,WOGP7S2XL,R2H59-S-DT2
2025-04-04 20:57:40,WOGP7S0XL,R2H59-S-DT1
2025-04-04 20:57:38,WOGP1B00L,R2I59-S-AT1
2025-04-04 20:57:36,WOGP1B00S,R2I59-S-AT2
2025-04-04 20:57:34,WOGP1B00M,R2I59-S-AT3
2025-04-04 20:57:33,WOGP1B3XL,R2I59-S-BT3
2025-04-04 20:57:32,WOGP1B2XL,R2I59-S-BT2
2025-04-04 20:57:30,WOGP1B0XL,R2I59-S-BT1
2025-04-04 20:57:28,WOGP1W00L,R2I59-S-CT1
2025-04-04 20:57:26,WOGP1W00S,R2I59-S-CT2
2025-04-04 20:57:25,WOGP1W00M,R2I59-S-CT3
2025-04-04 20:57:23,WOGP1W3XL,R2I59-S-DT3
2025-04-04 20:57:22,WOGP1W2XL,R2I59-S-DT2
2025-04-04 20:57:21,WOGP1W0XL,R2I59-S-DT1
2025-04-04 20:57:16,WOGP3G00L,R2J59-S-AT1
2025-04-04 20:57:14,WOGP3G00S,R2J59-S-AT2
2025-04-04 20:57:13,WOGP3G00M,R2J59-S-AT3
2025-04-04 20:57:04,WOGP3G2XL,R2J59-S-BT2
2025-04-04 20:57:03,WOGP3G0XL,R2J59-S-BT1
2025-04-04 20:57:01,WOGP7C00L,R2J59-S-CT1
2025-04-04 20:57:00,WOGP7C00S,R2J59-S-CT2
2025-04-04 20:56:57,WOGP7C00M,R2J59-S-CT3
2025-04-04 20:56:56,WOGP7C3XL,R2J59-S-DT3
2025-04-04 20:56:55,WOGP7C2XL,R2J59-S-DT2
2025-04-04 20:56:51,WOGP7C0XL,R2J59-S-DT1
2025-04-04 20:56:49,WORB4W2XL,R2K59-S-AT3
2025-04-04 20:56:47,WORB4W0XL,R2K59-S-AT2
2025-04-04 20:56:46,WORB4W0XS,R2K59-S-AT1
2025-04-04 20:56:44,WORB4W00S,R2K59-S-BT1
2025-04-04 20:56:42,WORB4W00L,R2K59-S-BT3
2025-04-04 20:56:41,WORB4W00M,R2K59-S-BT2
2025-04-04 20:56:39,EMPTY,R2K59-S-CT1
2025-04-04 20:56:37,EMPTY,R2K59-S-CT3
2025-04-04 20:56:36,EMPTY,R2K59-S-CT2
2025-04-04 20:56:35,EMPTY,R2K59-S-DT3
2025-04-04 20:56:34,EMPTY,R2K59-S-DT2
2025-04-04 20:56:32,EMPTY,R2K59-S-DT1
2025-04-04 20:56:20,WORB9Z0XS,R2K59-N-AT1
2025-04-04 20:56:19,WORB9Z0XL,R2K59-N-AT2
2025-04-04 20:56:17,WORB9Z2XL,R2K59-N-AT3
2025-04-04 20:56:16,WORB9Z00L,R2K59-N-BT3
2025-04-04 20:56:14,WORB9Z00M,R2K59-N-BT2
2025-04-04 20:56:13,WORB9Z00S,R2K59-N-BT1
2025-04-04 20:56:11,WORBT70XS,R2K59-N-CT1
2025-04-04 20:56:09,WORBT70XL,R2K59-N-CT2
2025-04-04 20:56:08,WORBT72XL,R2K59-N-CT3
2025-04-04 20:56:05,WORBT700L,R2K59-N-DT3
2025-04-04 20:56:04,WORBT700M,R2K59-N-DT2
2025-04-04 20:56:02,WORBT700S,R2K59-N-DT1
2025-04-04 20:56:00,WOGP5B00L,R2J59-N-AT1
2025-04-04 20:55:58,WOGP5B00S,R2J59-N-AT2
2025-04-04 20:55:56,WOGP5B00M,R2J59-N-AT3
2025-04-04 20:55:53,WOGP5B2XL,R2J59-N-BT2
2025-04-04 20:55:52,WOGP5B0XL,R2J59-N-BT1
2025-04-04 20:55:50,WOGP7S00L,R2J59-N-CT1
2025-04-04 20:55:49,WOGP7S00S,R2J59-N-CT2
2025-04-04 20:55:48,WOGP7S00M,R2J59-N-CT3
2025-04-04 20:55:46,WOGP7S3XL,R2J59-N-DT3
2025-04-04 20:55:45,WOGP7S2XL,R2J59-N-DT2
2025-04-04 20:55:44,WOGP7S0XL,R2J59-N-DT1
2025-04-04 20:55:41,WOGP2K00L,R2I59-N-AT1
2025-04-04 20:55:40,WOGP2K00S,R2I59-N-AT2
2025-04-04 20:55:38,WOGP2K00M,R2I59-N-AT3
2025-04-04 20:55:35,WOGP2K3XL,R2I59-N-BT3
2025-04-04 20:55:33,WOGP2K2XL,R2I59-N-BT2
2025-04-04 20:55:32,WOGP2K0XL,R2I59-N-BT1
2025-04-04 20:55:31,WOGP4N00L,R2I59-N-CT1
2025-04-04 20:55:29,WOGP4N00S,R2I59-N-CT2
2025-04-04 20:55:26,WOGP4N00M,R2I59-N-CT3
2025-04-04 20:55:25,WOGP4N3XL,R2I59-N-DT3
2025-04-04 20:55:23,WOGP4N2XL,R2I59-N-DT2
2025-04-04 20:55:22,WOGP4N0XL,R2I59-N-DT1
2025-04-04 20:55:20,WOGP1Q00L,R2H59-N-AT1
2025-04-04 20:55:18,WOGP1Q00S,R2H59-N-AT2
2025-04-04 20:55:16,WOGP1Q00M,R2H59-N-AT3
2025-04-04 20:55:15,WOGP1Q3XL,R2H59-N-BT3
2025-04-04 20:55:14,WOGP1Q2XL,R2H59-N-BT2
2025-04-04 20:55:12,WOGP1Q0XL,R2H59-N-BT1
2025-04-04 20:55:08,WOGP6P00L,R2H59-N-CT1
2025-04-04 20:55:06,WOGP6P00S,R2H59-N-CT2
2025-04-04 20:55:05,WOGP6P00M,R2H59-N-CT3
2025-04-04 20:55:02,WOGP6P2XL,R2H59-N-DT2
2025-04-04 20:55:01,WOGP6P0XL,R2H59-N-DT1
2025-04-04 20:54:58,WOGP4H00M,R2G59-N-AT3
2025-04-04 20:54:56,WOGP4H00S,R2G59-N-AT2
2025-04-04 20:54:55,WOGP4H00L,R2G59-N-AT1
2025-04-04 20:54:53,WOGP4H0XL,R2G59-N-BT1
2025-04-04 20:54:52,WOGP4H2XL,R2G59-N-BT2
2025-04-04 20:54:51,WOGP4H3XL,R2G59-N-BT3
2025-04-04 20:54:49,WOGP1R00M,R2G59-N-CT3
2025-04-04 20:54:48,WOGP1R00S,R2G59-N-CT2
2025-04-04 20:54:47,WOGP1R00L,R2G59-N-CT1
2025-04-04 20:54:43,WOGP1R3XL,R2G59-N-DT3
2025-04-04 20:54:42,WOGP1R2XL,R2G59-N-DT2
2025-04-04 20:54:36,WOGP1R0XL,R2G59-N-DT1
2025-04-04 20:54:31,WORB1F0XS,R2G61-S-AT1
2025-04-04 20:54:30,WORB1F0XL,R2G61-S-AT2
2025-04-04 20:54:28,WORB1F2XL,R2G61-S-AT3
2025-04-04 20:54:27,WORB1F00L,R2G61-S-BT3
2025-04-04 20:54:25,WORB1F00M,R2G61-S-BT2
2025-04-04 20:54:24,WORB1F00S,R2G61-S-BT1
2025-04-04 20:54:22,WORB6F0XS,R2G61-S-CT1
2025-04-04 20:54:18,WORB6F0XL,R2G61-S-CT2
2025-04-04 20:54:17,WORB6F2XL,R2G61-S-CT3
2025-04-04 20:54:16,WORB6F00L,R2G61-S-DT3
2025-04-04 20:54:14,WORB6F00M,R2G61-S-DT2
2025-04-04 20:54:12,WORB6F00S,R2G61-S-DT1
2025-04-04 20:54:10,WORB6N0XS,R2H61-S-AT1
2025-04-04 20:54:09,WORB6N0XL,R2H61-S-AT2
2025-04-04 20:54:07,WORB6N2XL,R2H61-S-AT3
2025-04-04 20:54:06,WORB6N00L,R2H61-S-BT3
2025-04-04 20:54:04,WORB6N00M,R2H61-S-BT2
2025-04-04 20:54:03,WORB6N00S,R2H61-S-BT1
2025-04-04 20:54:02,WORB4Q0XS,R2H61-S-CT1
2025-04-04 20:54:00,WORB4Q0XL,R2H61-S-CT2
2025-04-04 20:53:59,WORB4Q2XL,R2H61-S-CT3
2025-04-04 20:53:57,WORB4Q00L,R2H61-S-DT3
2025-04-04 20:53:56,WORB4Q00M,R2H61-S-DT2
2025-04-04 20:53:55,WORB4Q00S,R2H61-S-DT1
2025-04-04 20:53:53,WORB8G0XS,R2I61-S-AT1
2025-04-04 20:53:52,WORB8G0XL,R2I61-S-AT2
2025-04-04 20:53:51,WORB8G2XL,R2I61-S-AT3
2025-04-04 20:53:49,WORB8G00L,R2I61-S-BT3
2025-04-04 20:53:48,WORB8G00M,R2I61-S-BT2
2025-04-04 20:53:47,WORB8G00S,R2I61-S-BT1
2025-04-04 20:53:46,WORB7B0XS,R2I61-S-CT1
2025-04-04 20:53:45,WORB7B0XL,R2I61-S-CT2
2025-04-04 20:53:44,WORB7B2XL,R2I61-S-CT3
2025-04-04 20:53:42,WORB7B00L,R2I61-S-DT3
2025-04-04 20:53:42,WORB7B00M,R2I61-S-DT2
2025-04-04 20:53:41,WORB7B00S,R2I61-S-DT1
2025-04-04 20:53:38,WORB9S0XS,R2J61-S-AT1
2025-04-04 20:53:36,WORB9S0XL,R2J61-S-AT2
2025-04-04 20:53:35,WORB9S2XL,R2J61-S-AT3
2025-04-04 20:53:34,WORB9S00L,R2J61-S-BT3
2025-04-04 20:53:32,WORB9S00M,R2J61-S-BT2
2025-04-04 20:53:31,WORB9S00S,R2J61-S-BT1
2025-04-04 20:53:30,WORB3N0XS,R2J61-S-CT1
2025-04-04 20:53:29,WORB3N0XL,R2J61-S-CT2
2025-04-04 20:53:27,WORB3N2XL,R2J61-S-CT3
2025-04-04 20:53:25,WORB3N00L,R2J61-S-DT3
2025-04-04 20:53:24,WORB3N00M,R2J61-S-DT2
2025-04-04 20:53:22,WORB3N00S,R2J61-S-DT1
2025-04-04 20:53:20,WORBH80XS,R2K61-S-AT1
2025-04-04 20:53:19,WORBH80XL,R2K61-S-AT2
2025-04-04 20:53:17,WORBH82XL,R2K61-S-AT3
2025-04-04 20:53:15,WORBH800L,R2K61-S-BT3
2025-04-04 20:53:14,WORBH800M,R2K61-S-BT2
2025-04-04 20:53:13,WORBH800S,R2K61-S-BT1
2025-04-04 20:53:12,WORB3H0XS,R2K61-S-CT1
2025-04-04 20:53:09,WORB3H0XL,R2K61-S-CT2
2025-04-04 20:53:07,WORB3H2XL,R2K61-S-CT3
2025-04-04 20:53:04,WORB3H00L,R2K61-S-DT3
2025-04-04 20:53:02,WORB3H00M,R2K61-S-DT2
2025-04-04 20:49:42,WORB3H00S,R2K61-S-DT1
2025-04-04 20:49:34,WORB2Q0XS,R2K61-N-AT1
2025-04-04 20:49:33,WORB2Q0XL,R2K61-N-AT2
2025-04-04 20:49:32,WORB2Q2XL,R2K61-N-AT3
2025-04-04 20:49:30,WORB2Q00L,R2K61-N-BT3
2025-04-04 20:49:29,WORB2Q00M,R2K61-N-BT2
2025-04-04 20:49:28,WORB2Q00S,R2K61-N-BT1
2025-04-04 20:49:26,WORB6C0XS,R2K61-N-CT1
2025-04-04 20:49:24,WORB6C0XL,R2K61-N-CT2
2025-04-04 20:49:23,WORB6C2XL,R2K61-N-CT3
2025-04-04 20:49:21,WORB6C00L,R2K61-N-DT3
2025-04-04 20:49:20,WORB6C00M,R2K61-N-DT2
2025-04-04 20:49:19,WORB6C00S,R2K61-N-DT1
2025-04-04 20:49:09,WORB0Y0XS,R2J61-N-AT1
2025-04-04 20:49:08,WORB0Y0XL,R2J61-N-AT2
2025-04-04 20:49:06,WORB0Y2XL,R2J61-N-AT3
2025-04-04 20:49:05,WORB0Y00L,R2J61-N-BT3
2025-04-04 20:49:03,WORB0Y00M,R2J61-N-BT2
2025-04-04 20:49:02,WORB0Y00S,R2J61-N-BT1
2025-04-04 20:49:00,WORB2P0XS,R2J61-N-CT1
2025-04-04 20:48:58,WORB2P0XL,R2J61-N-CT2
2025-04-04 20:48:57,WORB2P2XL,R2J61-N-CT3
2025-04-04 20:48:55,WORB2P00L,R2J61-N-DT3
2025-04-04 20:48:53,WORB2P00M,R2J61-N-DT2
2025-04-04 20:48:52,WORB2P00S,R2J61-N-DT1
2025-04-04 20:48:46,WORB4R2XL,R2I61-N-AT3
2025-04-04 20:48:45,WORB4R0XL,R2I61-N-AT2
2025-04-04 20:48:43,WORB4R0XS,R2I61-N-AT1
2025-04-04 20:48:41,WORB4R00L,R2I61-N-BT3
2025-04-04 20:48:41,WORB4R00M,R2I61-N-BT2
2025-04-04 20:48:39,WORB4R00S,R2I61-N-BT1
2025-04-04 20:48:38,WORB6B0XS,R2I61-N-CT1
2025-04-04 20:48:36,WORB6B0XL,R2I61-N-CT2
2025-04-04 20:48:35,WORB6B2XL,R2I61-N-CT3
2025-04-04 20:48:33,WORB6B00L,R2I61-N-DT3
2025-04-04 20:48:32,WORB6B00M,R2I61-N-DT2
2025-04-04 20:48:28,WORB6B00S,R2I61-N-DT1
2025-04-04 20:48:25,WORB7D0XS,R2H61-N-AT1
2025-04-04 20:48:22,WORB7D0XL,R2H61-N-AT2
2025-04-04 20:48:20,WORB7D2XL,R2H61-N-AT3
2025-04-04 20:48:19,WORB7D00L,R2H61-N-BT3
2025-04-04 20:48:17,WORB7D00M,R2H61-N-BT2
2025-04-04 20:48:16,WORB7D00S,R2H61-N-BT1
2025-04-04 20:48:15,WORB5S0XS,R2H61-N-CT1
2025-04-04 20:48:13,WORB5S0XL,R2H61-N-CT2
2025-04-04 20:48:11,WORB5S2XL,R2H61-N-CT3
2025-04-04 20:48:10,WORB5S00L,R2H61-N-DT3
2025-04-04 20:48:08,WORB5S00M,R2H61-N-DT2
2025-04-04 20:48:07,WORB5S00S,R2H61-N-DT1
2025-04-04 20:48:05,WORB2W2XL,R2G61-N-AT3
2025-04-04 20:48:04,WORB2W0XL,R2G61-N-AT2
2025-04-04 20:48:03,WORB2W0XS,R2G61-N-AT1
2025-04-04 20:48:01,WORB2W00L,R2G61-N-BT3
2025-04-04 20:48:00,WORB2W00M,R2G61-N-BT2
2025-04-04 20:47:58,WORB2W00S,R2G61-N-BT1
2025-04-04 20:47:57,WORB2B0XS,R2G61-N-CT1
2025-04-04 20:47:55,WORB2B0XL,R2G61-N-CT2
2025-04-04 20:47:53,WORB2B2XL,R2G61-N-CT3
2025-04-04 20:47:52,WORB2B00L,R2G61-N-DT3
2025-04-04 20:47:50,WORB2B00M,R2G61-N-DT2
2025-04-04 20:47:49,WORB2B00S,R2G61-N-DT1
2025-04-04 20:47:46,MESWAI00S,R2G63-S-AD1
2025-04-04 20:47:45,MESWAI00M,R2G63-S-AD2
2025-04-04 20:47:43,MESWAI0XL,R2G63-S-BD2
2025-04-04 20:47:42,MESWAI00L,R2G63-S-BD1
2025-04-04 20:47:40,MESWAI2XL,R2G63-S-CD1
2025-04-04 20:47:38,MESWAI3XL,R2G63-S-CD2
2025-04-04 20:47:37,MESWAI5XL,R2G63-S-DD2
2025-04-04 20:47:35,MESWAI4XL,R2G63-S-DD1
2025-04-04 20:47:33,MESW8M00S,R2H63-S-AD1
2025-04-04 20:47:31,MESW8M00M,R2H63-S-AD2
2025-04-04 20:47:29,MESW8M0XL,R2H63-S-BD2
2025-04-04 20:47:28,MESW8M00L,R2H63-S-BD1
2025-04-04 20:47:26,MESW8M2XL,R2H63-S-CD1
2025-04-04 20:47:24,MESW8M3XL,R2H63-S-CD2
2025-04-04 20:47:20,EMPTY,R2H63-S-DD2
2025-04-04 20:47:18,EMPTY,R2H63-S-DD1
2025-04-04 20:47:15,MESWB900S,R2I63-S-AD1
2025-04-04 20:47:13,MESWB900M,R2I63-S-AD2
2025-04-04 20:47:11,MESWB90XL,R2I63-S-BD2
2025-04-04 20:47:08,MESWB900L,R2I63-S-BD1
2025-04-04 20:47:07,MESWB92XL,R2I63-S-CD1
2025-04-04 20:47:04,MESWB93XL,R2I63-S-CD2
2025-04-04 20:47:02,EMPTY,R2I63-S-DD2
2025-04-04 20:46:59,MESWB94XL,R2I63-S-DD1
2025-04-04 20:46:57,MESW1N00S,R2J63-S-AD1
2025-04-04 20:46:56,MESW1N00M,R2J63-S-AD2
2025-04-04 20:46:53,MESW1N0XL,R2J63-S-BD2
2025-04-04 20:46:52,MESW1N00L,R2J63-S-BD1
2025-04-04 20:46:50,MESW1N2XL,R2J63-S-CD1
2025-04-04 20:46:49,MESW1N3XL,R2J63-S-CD2
2025-04-04 20:46:47,EMPTY,R2J63-S-DD2
2025-04-04 20:46:46,MESW1N4XL,R2J63-S-DD1
2025-04-04 20:46:42,MESW0O00M,R2K63-S-AD2
2025-04-04 20:46:39,MESW0O00S,R2K63-S-AD1
2025-04-04 20:46:36,MESW0O0XL,R2K63-S-BD2
2025-04-04 20:46:35,MESW0O00L,R2K63-S-BD1
2025-04-04 20:46:34,MESW0O2XL,R2K63-S-CD1
2025-04-04 20:46:32,MESW0O3XL,R2K63-S-CD2
2025-04-04 20:46:31,EMPTY,R2K63-S-DD2
2025-04-04 20:46:28,MESW0O4XL,R2K63-S-DD1
2025-04-04 20:46:20,MESW4N00S,R2K63-N-AD1
2025-04-04 20:46:18,MESW4N00M,R2K63-N-AD2
2025-04-04 20:46:15,MESW4N0XL,R2K63-N-BD2
2025-04-04 20:46:13,MESW4N00L,R2K63-N-BD1
2025-04-04 20:46:11,MESW4N2XL,R2K63-N-CD1
2025-04-04 20:46:09,MESW4N3XL,R2K63-N-CD2
2025-04-04 20:46:07,EMPTY,R2K63-N-DD2
2025-04-04 20:46:06,MESW4N4XL,R2K63-N-DD1
2025-04-04 20:46:04,MESW3R00S,R2J63-N-AD1
2025-04-04 20:46:02,MESW3R00M,R2J63-N-AD2
2025-04-04 20:46:00,MESW3R0XL,R2J63-N-BD2
2025-04-04 20:45:59,MESW3R00L,R2J63-N-BD1
2025-04-04 20:45:56,MESW3R2XL,R2J63-N-CD1
2025-04-04 20:45:55,MESW3R3XL,R2J63-N-CD2
2025-04-04 20:45:54,MESW3R5XL,R2J63-N-DD2
2025-04-04 20:45:53,MESW3R4XL,R2J63-N-DD1
2025-04-04 20:45:50,MESW2H00S,R2I63-N-AD1
2025-04-04 20:45:49,MESW2H00M,R2I63-N-AD2
2025-04-04 20:45:47,MESW2H0XL,R2I63-N-BD2
2025-04-04 20:45:46,MESW2H00L,R2I63-N-BD1
2025-04-04 20:45:45,MESW2H2XL,R2I63-N-CD1
2025-04-04 20:45:44,MESW2H3XL,R2I63-N-CD2
2025-04-04 20:45:42,EMPTY,R2I63-N-DD2
2025-04-04 20:45:41,EMPTY,R2I63-N-DD1
2025-04-04 20:45:37,MESW7G00S,R2H63-N-AD1
2025-04-04 20:45:36,MESW7G00M,R2H63-N-AD2
2025-04-04 20:45:34,MESW7G0XL,R2H63-N-BD2
2025-04-04 20:45:33,MESW7G00L,R2H63-N-BD1
2025-04-04 20:45:32,MESW7G2XL,R2H63-N-CD1
2025-04-04 20:45:31,MESW7G3XL,R2H63-N-CD2
2025-04-04 20:45:29,EMPTY,R2H63-N-DD2
2025-04-04 20:45:26,MESW7G4XL,R2H63-N-DD1
2025-04-04 20:45:24,MESW7K00S,R2G63-N-AD1
2025-04-04 20:45:22,MESW7K00M,R2G63-N-AD2
2025-04-04 20:45:21,MESW7K0XL,R2G63-N-BD2
2025-04-04 20:45:19,MESW7K00L,R2G63-N-BD1
2025-04-04 20:45:18,MESW7K2XL,R2G63-N-CD1
2025-04-04 20:45:17,MESW7K3XL,R2G63-N-CD2
2025-04-04 20:45:15,EMPTY,R2G63-N-DD2
2025-04-04 20:45:14,MESW7K4XL,R2G63-N-DD1
2025-04-04 20:43:17,MESW2F00S,R2G65-S-AD1
2025-04-04 20:43:16,MESW2F00M,R2G65-S-AD2
2025-04-04 20:43:14,MESW2F0XL,R2G65-S-BD2
2025-04-04 20:43:11,MESW2F00L,R2G65-S-BD1
2025-04-04 20:43:10,MESW2F2XL,R2G65-S-CD1
2025-04-04 20:43:08,MESW2F3XL,R2G65-S-CD2
2025-04-04 20:43:07,EMPTY,R2G65-S-DD2
2025-04-04 20:43:04,MESW2F4XL,R2G65-S-DD1
2025-04-04 20:43:02,MESW7M00S,R2H65-S-AD1
2025-04-04 20:43:00,MESW7M00M,R2H65-S-AD2
2025-04-04 20:42:58,MESW7M0XL,R2H65-S-BD2
2025-04-04 20:42:57,MESW7M00L,R2H65-S-BD1
2025-04-04 20:42:56,MESW7M2XL,R2H65-S-CD1
2025-04-04 20:42:54,MESW7M3XL,R2H65-S-CD2
2025-04-04 20:42:53,EMPTY,R2H65-S-DD2
2025-04-04 20:42:51,MESW7M4XL,R2H65-S-DD1
2025-04-04 20:42:48,MESW1B00S,R2I65-S-AD1
2025-04-04 20:42:41,MESW1B00S,R2I65-S-AD2
2025-04-04 20:42:40,MESW1B00M,R2I65-S-AD2
2025-04-04 20:42:39,MESW1B0XL,R2I65-S-BD2
2025-04-04 20:42:37,MESW1B00L,R2I65-S-BD1
2025-04-04 20:42:36,MESW1B2XL,R2I65-S-CD1
2025-04-04 20:42:35,MESW1B3XL,R2I65-S-CD2
2025-04-04 20:42:32,MESW1B5XL,R2I65-S-DD2
2025-04-04 20:42:30,MESW1B4XL,R2I65-S-DD1
2025-04-04 20:42:28,MESW3M00S,R2J65-S-AD1
2025-04-04 20:42:26,MESW3M00M,R2J65-S-AD2
2025-04-04 20:42:25,MESW3M0XL,R2J65-S-BD2
2025-04-04 20:42:23,MESW3M00L,R2J65-S-BD1
2025-04-04 20:42:22,MESW3M2XL,R2J65-S-CD1
2025-04-04 20:42:21,MESW3M3XL,R2J65-S-CD2
2025-04-04 20:42:18,EMPTY,R2J65-S-DD2
2025-04-04 20:42:17,MESW3M4XL,R2J65-S-DD1
2025-04-04 20:42:10,MESW4P00S,R2K65-S-AD1
2025-04-04 20:42:06,MESW4P00M,R2K65-S-AD2
2025-04-04 20:42:05,MESW4P0XL,R2K65-S-BD2
2025-04-04 20:42:04,MESW4P00L,R2K65-S-BD1
2025-04-04 20:42:02,MESW4P2XL,R2K65-S-CD1
2025-04-04 20:42:01,MESW4P3XL,R2K65-S-CD2
2025-04-04 20:42:00,EMPTY,R2K65-S-DD2
2025-04-04 20:41:59,MESW4P4XL,R2K65-S-DD1
2025-04-04 20:41:54,MESW3Y00S,R2K65-N-AD1
2025-04-04 20:41:53,MESW3Y00M,R2K65-N-AD2
2025-04-04 20:41:52,MESW3Y0XL,R2K65-N-BD2
2025-04-04 20:41:50,MESW3Y00L,R2K65-N-BD1
2025-04-04 20:41:48,MESW3Y2XL,R2K65-N-CD1
2025-04-04 20:41:47,MESW3Y3XL,R2K65-N-CD2
2025-04-04 20:41:46,EMPTY,R2K65-N-DD2
2025-04-04 20:41:44,MESW3Y4XL,R2K65-N-DD1
2025-04-04 20:41:42,MESW4O00S,R2J65-N-AD1
2025-04-04 20:41:41,MESW4O00M,R2J65-N-AD2
2025-04-04 20:41:39,MESW4O0XL,R2J65-N-BD2
2025-04-04 20:41:38,MESW4O00L,R2J65-N-BD1
2025-04-04 20:41:36,MESW4O2XL,R2J65-N-CD1
2025-04-04 20:41:35,MESW4O3XL,R2J65-N-CD2
2025-04-04 20:41:34,EMPTY,R2J65-N-DD2
2025-04-04 20:41:31,MESW4O4XL,R2J65-N-DD1
2025-04-04 20:41:26,MESW3K00M,R2I65-N-AD2
2025-04-04 20:41:25,MESW3K0XL,R2I65-N-BD2
2025-04-04 20:41:24,MESW3K00L,R2I65-N-BD1
2025-04-04 20:41:22,MESW3K2XL,R2I65-N-CD1
2025-04-04 20:41:20,MESW3K3XL,R2I65-N-CD2
2025-04-04 20:41:19,EMPTY,R2I65-N-DD2
2025-04-04 20:41:18,MESW3K4XL,R2I65-N-DD1
2025-04-04 20:41:15,MESW7C00S,R2H65-N-AD1
2025-04-04 20:41:13,MESW7C00M,R2H65-N-AD2
2025-04-04 20:41:12,MESW7C0XL,R2H65-N-BD2
2025-04-04 20:41:10,MESW7C00L,R2H65-N-BD1
2025-04-04 20:41:09,MESW7C2XL,R2H65-N-CD1
2025-04-04 20:41:08,MESW7C3XL,R2H65-N-CD2
2025-04-04 20:41:07,EMPTY,R2H65-N-DD2
2025-04-04 20:41:05,EMPTY,R2H65-N-DD1
2025-04-04 20:41:00,MESW5R00S,R2G65-N-AD1
2025-04-04 20:40:58,MESW5R00M,R2G65-N-AD2
2025-04-04 20:40:57,MESW5R0XL,R2G65-N-BD2
2025-04-04 20:40:56,MESW5R00L,R2G65-N-BD1
2025-04-04 20:40:54,MESW5R2XL,R2G65-N-CD1
2025-04-04 20:40:53,MESW5R3XL,R2G65-N-CD2
2025-04-04 20:40:49,EMPTY,R2G65-N-DD2
2025-04-04 20:40:48,EMPTY,R2G65-N-DD1
2025-04-04 20:40:45,UNNT6C0XS,R2G67-S-AT1
2025-04-04 20:40:43,UNNT6C00S,R2G67-S-AT2
2025-04-04 20:40:42,UNNT6C00M,R2G67-S-AT3
2025-04-04 20:40:40,UNNT6C2XL,R2G67-S-BT3
2025-04-04 20:40:39,UNNT6C0XL,R2G67-S-BT2
2025-04-04 20:40:37,UNNT6C00L,R2G67-S-BT1
2025-04-04 20:40:35,UNNT3B0XS,R2G67-S-CT1
2025-04-04 20:40:33,UNNT3B00S,R2G67-S-CT2
2025-04-04 20:40:32,UNNT3B00M,R2G67-S-CT3
2025-04-04 20:40:25,UNNT3B2XL,R2G67-S-DT3
2025-04-04 20:40:20,UNNT3B0XL,R2G67-S-DT2
2025-04-04 20:40:19,UNNT3B00L,R2G67-S-DT1
2025-04-04 20:40:15,UNNT2B0XS,R2H67-S-AT1
2025-04-04 20:40:13,UNNT2B00S,R2H67-S-AT2
2025-04-04 20:40:12,UNNT2B00M,R2H67-S-AT3
2025-04-04 20:40:10,UNNT2B2XL,R2H67-S-BT3
2025-04-04 20:40:09,UNNT2B0XL,R2H67-S-BT2
2025-04-04 20:40:08,UNNT2B00L,R2H67-S-BT1
2025-04-04 20:40:06,UNNT6B0XS,R2H67-S-CT1
2025-04-04 20:40:04,UNNT6B00S,R2H67-S-CT2
2025-04-04 20:40:01,UNNT6B00M,R2H67-S-CT3
2025-04-04 20:39:59,UNNT6B2XL,R2H67-S-DT3
2025-04-04 20:39:57,UNNT6B0XL,R2H67-S-DT2
2025-04-04 20:39:55,UNNT6B00L,R2H67-S-DT1
2025-04-04 20:39:53,UNNT4R0XS,R2I67-S-AT1
2025-04-04 20:39:51,UNNT4R00S,R2I67-S-AT2
2025-04-04 20:39:50,UNNT4R00M,R2I67-S-AT3
2025-04-04 20:39:48,UNNT4R2XL,R2I67-S-BT3
2025-04-04 20:39:47,UNNT4R0XL,R2I67-S-BT2
2025-04-04 20:39:46,UNNT4R00L,R2I67-S-BT1
2025-04-04 20:39:44,UNNT6D0XS,R2I67-S-CT1
2025-04-04 20:39:42,UNNT6D00S,R2I67-S-CT2
2025-04-04 20:39:40,UNNT6D00M,R2I67-S-CT3
2025-04-04 20:39:37,UNNT6D2XL,R2I67-S-DT3
2025-04-04 20:39:36,UNNT6D0XL,R2I67-S-DT2
2025-04-04 20:39:35,UNNT6D00L,R2I67-S-DT1
2025-04-04 20:39:33,MESW3W00S,R2J67-S-AD1
2025-04-04 20:39:31,MESW3W00M,R2J67-S-AD2
2025-04-04 20:39:30,MESW3W0XL,R2J67-S-BD2
2025-04-04 20:39:28,MESW3W00L,R2J67-S-BD1
2025-04-04 20:39:27,MESW3W2XL,R2J67-S-CD1
2025-04-04 20:39:25,MESW3W3XL,R2J67-S-CD2
2025-04-04 20:39:23,MESW3W5XL,R2J67-S-DD2
2025-04-04 20:39:22,MESW3W4XL,R2J67-S-DD1
2025-04-04 20:39:20,MESW6Q00S,R2K67-S-AD1
2025-04-04 20:39:18,MESW6Q00M,R2K67-S-AD2
2025-04-04 20:39:17,MESW6Q0XL,R2K67-S-BD2
2025-04-04 20:39:15,MESW6Q00L,R2K67-S-BD1
2025-04-04 20:39:14,MESW6Q2XL,R2K67-S-CD1
2025-04-04 20:39:12,MESW6Q3XL,R2K67-S-CD2
2025-04-04 20:39:09,MESW6Q4XL,R2K67-S-DD1
2025-04-04 20:39:04,MESWDD00S,R2K67-N-AD1
2025-04-04 20:39:02,MESWDD00M,R2K67-N-AD2
2025-04-04 20:39:00,MESWDD0XL,R2K67-N-BD2
2025-04-04 20:38:59,MESWDD00L,R2K67-N-BD1
2025-04-04 20:38:58,MESWDD2XL,R2K67-N-CD1
2025-04-04 20:38:56,MESWDD3XL,R2K67-N-CD2
2025-04-04 20:38:53,MESWDD4XL,R2K67-N-DD1
2025-04-04 20:38:44,MESW1W00S,R2J67-N-AD1
2025-04-04 20:38:43,MESW1W00M,R2J67-N-AD2
2025-04-04 20:38:42,MESW1W0XL,R2J67-N-BD2
2025-04-04 20:38:39,MESW1W00L,R2J67-N-BD1
2025-04-04 20:38:34,MESW1W3XL,R2J67-N-CD2
2025-04-04 20:38:32,MESW1W2XL,R2J67-N-CD1
2025-04-04 20:38:27,UNNT7D0XS,R2I67-N-AT1
2025-04-04 20:38:25,UNNT7D00S,R2I67-N-AT2
2025-04-04 20:38:24,UNNT7D00M,R2I67-N-AT3
2025-04-04 20:38:23,UNNT7D2XL,R2I67-N-BT3
2025-04-04 20:38:22,UNNT7D0XL,R2I67-N-BT2
2025-04-04 20:38:19,UNNT7D00L,R2I67-N-BT1
2025-04-04 20:38:18,UNNT9W0XS,R2I67-N-CT1
2025-04-04 20:38:16,UNNT9W00S,R2I67-N-CT2
2025-04-04 20:38:14,UNNT9W00M,R2I67-N-CT3
2025-04-04 20:38:12,UNNT9W2XL,R2I67-N-DT3
2025-04-04 20:38:10,UNNT9W0XL,R2I67-N-DT2
2025-04-04 20:38:09,UNNT9W00L,R2I67-N-DT1
2025-04-04 20:38:06,UNNT2W0XS,R2H67-N-AT1
2025-04-04 20:38:05,UNNT2W00S,R2H67-N-AT2
2025-04-04 20:38:04,UNNT2W00M,R2H67-N-AT3
2025-04-04 20:38:02,UNNT2W2XL,R2H67-N-BT3
2025-04-04 20:38:00,UNNT2W00L,R2H67-N-BT1
2025-04-04 20:37:59,UNNT2W0XL,R2H67-N-BT2
2025-04-04 20:37:58,EMPTY,R2H67-N-CT1
2025-04-04 20:37:56,EMPTY,R2H67-N-CT3
2025-04-04 20:37:55,EMPTY,R2H67-N-CT2
2025-04-04 20:37:54,EMPTY,R2H67-N-DT3
2025-04-04 20:37:53,EMPTY,R2H67-N-DT2
2025-04-04 20:37:52,EMPTY,R2H67-N-DT1
2025-04-04 20:37:50,UNNT6N00M,R2G67-N-AT3
2025-04-04 20:37:49,UNNT6N00S,R2G67-N-AT2
2025-04-04 20:37:48,UNNT6N0XS,R2G67-N-AT1
2025-04-04 20:37:44,UNNT6N00L,R2G67-N-BT1
2025-04-04 20:37:43,UNNT6N0XL,R2G67-N-BT2
2025-04-04 20:37:41,UNNT6N2XL,R2G67-N-BT3
2025-04-04 20:37:40,UNNTT900M,R2G67-N-CT3
2025-04-04 20:37:39,UNNTT900S,R2G67-N-CT2
2025-04-04 20:37:37,UNNTT90XS,R2G67-N-CT1
2025-04-04 20:37:35,UNNTT92XL,R2G67-N-DT3
2025-04-04 20:37:34,UNNTT90XL,R2G67-N-DT2
2025-04-04 20:37:33,UNNTT900L,R2G67-N-DT1
2025-04-04 20:37:15,UNNT3H0XS,R2G69-S-AT1
2025-04-04 20:37:14,UNNT3H00S,R2G69-S-AT2
2025-04-04 20:37:12,UNNT3H00M,R2G69-S-AT3
2025-04-04 20:37:09,UNNT3H2XL,R2G69-S-BT3
2025-04-04 20:37:05,UNNT3H0XL,R2G69-S-BT2
2025-04-04 20:37:03,UNNT3H00L,R2G69-S-BT1
2025-04-04 20:37:01,UNNT5F0XS,R2G69-S-CT1
2025-04-04 20:37:00,UNNT5F00S,R2G69-S-CT2
2025-04-04 20:36:58,UNNT5F00M,R2G69-S-CT3
2025-04-04 20:36:57,UNNT5F2XL,R2G69-S-DT3
2025-04-04 20:36:55,UNNT5F0XL,R2G69-S-DT2
2025-04-04 20:36:54,UNNT5F00L,R2G69-S-DT1
2025-04-04 20:36:50,UNNT6F0XS,R2H69-S-AT1
2025-04-04 20:36:49,UNNT6F00S,R2H69-S-AT2
2025-04-04 20:36:48,UNNT6F00M,R2H69-S-AT3
2025-04-04 20:36:46,UNNT6F2XL,R2H69-S-BT3
2025-04-04 20:36:44,UNNT6F0XL,R2H69-S-BT2
2025-04-04 20:36:42,UNNT6F00L,R2H69-S-BT1
2025-04-04 20:36:41,UNNTCO0XS,R2H69-S-CT1
2025-04-04 20:36:39,UNNTCO00S,R2H69-S-CT2
2025-04-04 20:36:38,UNNTCO00M,R2H69-S-CT3
2025-04-04 20:36:37,UNNTCO2XL,R2H69-S-DT3
2025-04-04 20:36:35,UNNTCO0XL,R2H69-S-DT2
2025-04-04 20:36:34,UNNTCO00L,R2H69-S-DT1
2025-04-04 20:36:32,UNNTBG0XS,R2I69-S-AT1
2025-04-04 20:36:31,UNNTBG00S,R2I69-S-AT2
2025-04-04 20:36:29,UNNTBG00M,R2I69-S-AT3
2025-04-04 20:36:27,UNNTBG2XL,R2I69-S-BT3
2025-04-04 20:36:26,UNNTBG0XL,R2I69-S-BT2
2025-04-04 20:36:25,UNNTBG00L,R2I69-S-BT1
2025-04-04 20:36:23,UNNT3N0XS,R2I69-S-CT1
2025-04-04 20:36:19,UNNT3N00S,R2I69-S-CT2
2025-04-04 20:36:18,UNNT3N00M,R2I69-S-CT3
2025-04-04 20:36:15,UNNT3N2XL,R2I69-S-DT3
2025-04-04 20:36:00,UNNT3N0XL,R2I69-S-DT2
2025-04-04 20:35:58,UNNT3N00L,R2I69-S-DT1
2025-04-04 20:35:50,UNNT0Y0XS,R2J69-S-AT1
2025-04-04 20:35:49,UNNT0Y00S,R2J69-S-AT2
2025-04-04 20:35:47,UNNT0Y00M,R2J69-S-AT3
2025-04-04 20:35:46,UNNT0Y2XL,R2J69-S-BT3
2025-04-04 20:35:45,UNNT0Y0XL,R2J69-S-BT2
2025-04-04 20:35:43,UNNT0Y00L,R2J69-S-BT1
2025-04-04 20:35:42,UNNT6S0XS,R2J69-S-CT1
2025-04-04 20:35:41,UNNT6S00S,R2J69-S-CT2
2025-04-04 20:35:39,UNNT6S00M,R2J69-S-CT3
2025-04-04 20:35:38,UNNT6S2XL,R2J69-S-DT3
2025-04-04 20:35:37,UNNT6S0XL,R2J69-S-DT2
2025-04-04 20:35:35,UNNT6S00L,R2J69-S-DT1
2025-04-04 20:35:33,UNNT1Z0XS,R2K69-S-AT1
2025-04-04 20:35:30,UNNT1Z00S,R2K69-S-AT2
2025-04-04 20:35:29,UNNT1Z00M,R2K69-S-AT3
2025-04-04 20:35:28,UNNT1Z2XL,R2K69-S-BT3
2025-04-04 20:35:27,UNNT1Z0XL,R2K69-S-BT2
2025-04-04 20:35:25,UNNT1Z00L,R2K69-S-BT1
2025-04-04 20:35:24,UNNT2M0XS,R2K69-S-CT1
2025-04-04 20:35:23,UNNT2M00S,R2K69-S-CT2
2025-04-04 20:35:22,UNNT2M00M,R2K69-S-CT3
2025-04-04 20:35:21,UNNT2M2XL,R2K69-S-DT3
2025-04-04 20:35:20,UNNT2M0XL,R2K69-S-DT2
2025-04-04 20:35:19,UNNT2M00L,R2K69-S-DT1
2025-04-04 20:35:13,UNNT2Q0XS,R2K69-N-AT1
2025-04-04 20:35:11,UNNT2Q00S,R2K69-N-AT2
2025-04-04 20:35:09,UNNT2Q00M,R2K69-N-AT3
2025-04-04 20:35:08,UNNT2Q2XL,R2K69-N-BT3
2025-04-04 20:35:06,UNNT2Q0XL,R2K69-N-BT2
2025-04-04 20:35:05,UNNT2Q00L,R2K69-N-BT1
2025-04-04 20:35:04,UNNT7Z0XS,R2K69-N-CT1
2025-04-04 20:35:03,UNNT7Z00S,R2K69-N-CT2
2025-04-04 20:35:02,UNNT7Z00M,R2K69-N-CT3
2025-04-04 20:35:01,UNNT7Z2XL,R2K69-N-DT3
2025-04-04 20:35:00,UNNT7Z0XL,R2K69-N-DT2
2025-04-04 20:34:59,UNNT7Z00L,R2K69-N-DT1
2025-04-04 20:34:57,UNNT8H0XS,R2J69-N-AT1
2025-04-04 20:34:55,UNNT8H00S,R2J69-N-AT2
2025-04-04 20:34:54,UNNT8H00M,R2J69-N-AT3
2025-04-04 20:34:52,UNNT8H2XL,R2J69-N-BT3
2025-04-04 20:34:51,UNNT8H0XL,R2J69-N-BT2
2025-04-04 20:34:50,UNNT8H00L,R2J69-N-BT1
2025-04-04 20:34:48,UNNTNE0XS,R2J69-N-CT1
2025-04-04 20:34:47,UNNTNE00S,R2J69-N-CT2
2025-04-04 20:34:46,UNNTNE00M,R2J69-N-CT3
2025-04-04 20:34:44,UNNTNE2XL,R2J69-N-DT3
2025-04-04 20:34:43,UNNTNE0XL,R2J69-N-DT2
2025-04-04 20:34:42,UNNTNE00L,R2J69-N-DT1
2025-04-04 20:33:29,UNNT6A0XS,R2I69-N-AT1
2025-04-04 20:33:28,UNNT6A00S,R2I69-N-AT2
2025-04-04 20:33:26,UNNT6A00M,R2I69-N-AT3
2025-04-04 20:33:25,UNNT6A2XL,R2I69-N-BT3
2025-04-04 20:33:23,UNNT6A0XL,R2I69-N-BT2
2025-04-04 20:33:22,UNNT6A00L,R2I69-N-BT1
2025-04-04 20:33:20,UNNT0U0XS,R2I69-N-CT1
2025-04-04 20:33:19,UNNT0U00S,R2I69-N-CT2
2025-04-04 20:33:18,UNNT0U00M,R2I69-N-CT3
2025-04-04 20:33:17,UNNT0U2XL,R2I69-N-DT3
2025-04-04 20:33:16,UNNT0U0XL,R2I69-N-DT2
2025-04-04 20:33:14,UNNT0U00L,R2I69-N-DT1
2025-04-04 20:33:04,UNNT1F0XS,R2H69-N-AT1
2025-04-04 20:32:34,UNNT1F00M,R2H69-N-AT3
2025-04-04 20:32:32,UNNT1F00S,R2H69-N-AT2
2025-04-04 20:32:24,UNNT8W0XS,R2H69-N-CT1
2025-04-04 20:32:04,UNNT8W00M,R2H69-N-CT3
2025-04-04 20:32:03,UNNT8W00S,R2H69-N-CT2
2025-04-04 20:31:57,UNNT1F2XL,R2H69-N-BT3
2025-04-04 20:31:55,UNNT1F0XL,R2H69-N-BT2
2025-04-04 20:31:54,UNNT1F00L,R2H69-N-BT1
2025-04-04 20:31:52,UNNT8W2XL,R2H69-N-DT3
2025-04-04 20:31:24,UNNT8W0XL,R2H69-N-DT2
2025-04-04 20:31:23,UNNT8W00L,R2H69-N-DT1
2025-04-04 20:31:20,UNNTAE0XS,R2G69-N-AT1
2025-04-04 20:31:19,UNNTAE00S,R2G69-N-AT2
2025-04-04 20:31:17,UNNTAE00M,R2G69-N-AT3
2025-04-04 20:31:16,UNNTAE2XL,R2G69-N-BT3
2025-04-04 20:31:14,UNNTAE0XL,R2G69-N-BT2
2025-04-04 20:31:13,UNNTAE00L,R2G69-N-BT1
2025-04-04 20:31:12,UNNT4Q0XS,R2G69-N-CT1
2025-04-04 20:31:10,UNNT4Q00S,R2G69-N-CT2
2025-04-04 20:31:09,UNNT4Q00M,R2G69-N-CT3
2025-04-04 20:31:07,UNNT4Q2XL,R2G69-N-DT3
2025-04-04 20:31:05,UNNT4Q0XL,R2G69-N-DT2
2025-04-04 20:31:04,UNNT4Q00L,R2G69-N-DT1
2025-04-04 20:31:01,EMPTY,R2G71-S-AT1
2025-04-04 20:31:00,EMPTY,R2G71-S-AT3
2025-04-04 20:30:59,EMPTY,R2G71-S-AT2
2025-04-04 20:30:57,EMPTY,R2G71-S-BT1
2025-04-04 20:30:56,EMPTY,R2G71-S-BT3
2025-04-04 20:30:55,EMPTY,R2G71-S-BT2
2025-04-04 20:30:53,EMPTY,R2G71-S-CT1
2025-04-04 20:30:52,EMPTY,R2G71-S-CT2
2025-04-04 20:30:51,EMPTY,R2G71-S-CT3
2025-04-04 20:30:49,UNNT6A3XL,R2G71-S-DT3
2025-04-04 20:30:48,UNNT1Z3XL,R2G71-S-DT2
2025-04-04 20:30:43,EMPTY,R2H71-S-AT1
2025-04-04 20:30:42,EMPTY,R2H71-S-AT3
2025-04-04 20:30:40,EMPTY,R2H71-S-AT2
2025-04-04 20:30:38,EMPTY,R2H71-S-BT1
2025-04-04 20:30:37,EMPTY,R2H71-S-BT3
2025-04-04 20:30:36,EMPTY,R2H71-S-BT2
2025-04-04 20:30:34,EMPTY,R2H71-S-CT2
2025-04-04 20:30:31,UNNTCO3XL,R2H71-S-DT2
2025-04-04 20:30:18,EMPTY,R2I71-S-AT1
2025-04-04 20:30:16,EMPTY,R2I71-S-AT3
2025-04-04 20:30:15,EMPTY,R2I71-S-AT2
2025-04-04 20:30:07,EMPTY,R2I71-S-BT1
2025-04-04 20:30:00,UNNT3N4XL,R2I71-S-CT2
2025-04-04 20:29:54,UNNT3N3XL,R2I71-S-DT2
2025-04-04 20:29:53,UNNTT93XL,R2I71-S-DT1
2025-04-04 20:29:47,UNNT3H6XL,R2J71-S-AT1
2025-04-04 20:29:45,UNNT6C6XL,R2J71-S-AT2
2025-04-04 20:29:44,EMPTY,R2J71-S-AT3
2025-04-04 20:29:43,EMPTY,R2J71-S-BT3
2025-04-04 20:29:42,UNNT6C5XL,R2J71-S-BT2
2025-04-04 20:29:40,UNNT3H5XL,R2J71-S-BT1
2025-04-04 20:29:39,UNNT3H4XL,R2J71-S-CT1
2025-04-04 20:29:36,UNNT6C4XL,R2J71-S-CT2
2025-04-04 20:29:33,EMPTY,R2J71-S-CT3
2025-04-04 20:29:31,UNNT5F3XL,R2J71-S-DT3
2025-04-04 20:29:30,UNNT6C3XL,R2J71-S-DT2
2025-04-04 20:29:28,UNNT3H3XL,R2J71-S-DT1
2025-04-04 20:29:21,EMPTY,R2K71-S-AT1
2025-04-04 20:29:20,EMPTY,R2K71-S-AT2
2025-04-04 20:29:18,EMPTY,R2K71-S-AT3
2025-04-04 20:29:16,EMPTY,R2K71-S-BT3
2025-04-04 20:29:15,EMPTY,R2K71-S-BT1
2025-04-04 20:29:14,EMPTY,R2K71-S-BT2
2025-04-04 20:29:11,UNNT2Q4XL,R2K71-S-CT1
2025-04-04 20:29:08,EMPTY,R2K71-S-CT2
2025-04-04 20:29:07,UNNT6F4XL,R2K71-S-CT3
2025-04-04 20:29:05,UNNT6F3XL,R2K71-S-DT3
2025-04-04 20:29:04,UNNTBG3XL,R2K71-S-DT2
2025-04-04 20:29:03,UNNT8W3XL,R2K71-S-DT1
2025-04-04 20:28:58,EMPTY,R2K71-N-AT1
2025-04-04 20:28:56,EMPTY,R2K71-N-AT2
2025-04-04 20:28:55,EMPTY,R2K71-N-AT3
2025-04-04 20:28:53,EMPTY,R2K71-N-BT3
2025-04-04 20:28:52,EMPTY,R2K71-N-BT2
2025-04-04 20:28:51,EMPTY,R2K71-N-BT1
2025-04-04 20:28:49,UNNT2Q4XL,R2K71-N-CT2
2025-04-04 20:28:49,UNNT2Q4XL,R2K71-N-CT2
2025-04-04 20:28:48,EMPTY,R2K71-N-CT2
2025-04-04 20:28:46,EMPTY,R2K71-N-CT3
2025-04-04 20:28:45,UNNT0U3XL,R2K71-N-DT3
2025-04-04 20:28:44,UNNTNE3XL,R2K71-N-DT2
2025-04-04 20:28:43,UNNT2Q3XL,R2K71-N-DT1
2025-04-04 20:28:41,EMPTY,R2J71-N-AT1
2025-04-04 20:28:40,UNNT2B6XL,R2J71-N-AT2
2025-04-04 20:28:38,UNNT4R6XL,R2J71-N-AT3
2025-04-04 20:28:37,UNNT4R5XL,R2J71-N-BT3
2025-04-04 20:28:36,UNNT2B5XL,R2J71-N-BT2
2025-04-04 20:28:35,EMPTY,R2J71-N-BT1
2025-04-04 20:28:34,EMPTY,R2J71-N-CT1
2025-04-04 20:28:33,UNNT2B4XL,R2J71-N-CT2
2025-04-04 20:28:31,UNNT4R4XL,R2J71-N-CT3
2025-04-04 20:28:30,UNNT4R3XL,R2J71-N-DT3
2025-04-04 20:28:29,UNNT2B3XL,R2J71-N-DT2
2025-04-04 20:28:28,UNNT6D3XL,R2J71-N-DT1
2025-04-04 20:27:04,EMPTY,R2I71-N-AT1
2025-04-04 20:27:01,EMPTY,R2I71-N-AT2
2025-04-04 20:27:00,UNNT3B6XL,R2I71-N-AT3
2025-04-04 20:26:58,UNNT3B5XL,R2I71-N-BT3
2025-04-04 20:26:57,EMPTY,R2I71-N-BT2
2025-04-04 20:26:56,EMPTY,R2I71-N-BT1
2025-04-04 20:26:55,UNNT9P4XL,R2I71-N-CT1
2025-04-04 20:26:54,UNNT5S4XL,R2I71-N-CT2
2025-04-04 20:26:52,UNNT3B4XL,R2I71-N-CT3
2025-04-04 20:26:51,UNNT3B3XL,R2I71-N-DT3
2025-04-04 20:26:46,UNNT5S3XL,R2I71-N-DT2
2025-04-04 20:26:44,UNNT9P3XL,R2I71-N-DT1
2025-04-04 20:26:42,EMPTY,R2H71-N-AT1
2025-04-04 20:26:40,EMPTY,R2H71-N-AT2
2025-04-04 20:26:39,EMPTY,R2H71-N-AT3
2025-04-04 20:26:37,EMPTY,R2H71-N-BT3
2025-04-04 20:26:36,EMPTY,R2H71-N-BT2
2025-04-04 20:26:35,EMPTY,R2H71-N-BT1
2025-04-04 20:26:33,EMPTY,R2H71-N-CT1
2025-04-04 20:26:31,UNNT5D4XL,R2H71-N-CT2
2025-04-04 20:26:30,EMPTY,R2H71-N-CT3
2025-04-04 20:26:27,UNNT2M3XL,R2H71-N-DT3
2025-04-04 20:26:26,UNNT5D3XL,R2H71-N-DT2
2025-04-04 20:26:24,UNNT6S3XL,R2H71-N-DT1
2025-04-04 20:26:22,EMPTY,R2G71-N-AT3
2025-04-04 20:26:20,EMPTY,R2G71-N-AT2
2025-04-04 20:26:19,EMPTY,R2G71-N-AT1
2025-04-04 20:26:18,EMPTY,R2G71-N-BT3
2025-04-04 20:26:16,EMPTY,R2G71-N-BT2
2025-04-04 20:26:15,EMPTY,R2G71-N-BT1
2025-04-04 20:26:13,EMPTY,R2G71-N-CT1
2025-04-04 20:26:12,UNNT8H4XL,R2G71-N-CT2
2025-04-04 20:26:10,EMPTY,R2G71-N-CT3
2025-04-04 20:26:08,UNNT7Z3XL,R2G71-N-DT3
2025-04-04 20:26:06,UNNT8H3XL,R2G71-N-DT2
2025-04-04 20:26:03,UNNT0Y3XL,R2G71-N-DT1
2025-04-04 20:26:01,MEHD8M2XL,R2G73-S-AO1
2025-04-04 20:25:59,MEHD8M3XL,R2G73-S-BO1
2025-04-04 20:25:58,MEHD8M4XL,R2G73-S-CO1
2025-04-04 20:25:56,EMPTY,R2G73-S-DO1
2025-04-04 20:25:52,MEHDX62XL,R2H73-S-AO1
2025-04-04 20:25:51,MEHDX63XL,R2H73-S-BO1
2025-04-04 20:25:49,MEHDX64XL,R2H73-S-CO1
2025-04-04 20:25:48,EMPTY,R2H73-S-DO1
2025-04-04 20:25:42,EMPTY,R2I73-S-AT1
2025-04-04 20:25:41,EMPTY,R2I73-S-AT3
2025-04-04 20:25:39,EMPTY,R2I73-S-AT2
2025-04-04 20:25:37,EMPTY,R2I73-S-BT1
2025-04-04 20:25:36,EMPTY,R2I73-S-BT2
2025-04-04 20:25:35,EMPTY,R2I73-S-BT3
2025-04-04 20:25:33,EMPTY,R2I73-S-CT1
2025-04-04 20:25:32,EMPTY,R2I73-S-CT2
2025-04-04 20:25:30,EMPTY,R2I73-S-CT3
2025-04-04 20:25:29,EMPTY,R2I73-S-CT3
2025-04-04 20:25:27,EMPTY,R2I73-S-DT3
2025-04-04 20:25:26,EMPTY,R2I73-S-DT2
2025-04-04 20:25:24,EMPTY,R2I73-S-DT1
2025-04-04 20:25:22,UNNT5P0XS,R2J73-S-AT1
2025-04-04 20:25:20,UNNT5P00S,R2J73-S-AT2
2025-04-04 20:25:19,UNNT5P00M,R2J73-S-AT3
2025-04-04 20:25:17,UNNT5P2XL,R2J73-S-BT3
2025-04-04 20:25:16,UNNT5P0XL,R2J73-S-BT2
2025-04-04 20:25:15,UNNT5P00L,R2J73-S-BT1
2025-04-04 20:25:14,UNNT5D0XS,R2J73-S-CT1
2025-04-04 20:25:12,UNNT5D00S,R2J73-S-CT2
2025-04-04 20:25:11,UNNT5D00M,R2J73-S-CT3
2025-04-04 20:25:08,UNNT5D2XL,R2J73-S-DT3
2025-04-04 20:25:07,UNNT5D0XL,R2J73-S-DT2
2025-04-04 20:25:06,UNNT5D00L,R2J73-S-DT1
2025-04-04 20:25:03,EMPTY,R2K73-S-AT1
2025-04-04 20:25:02,EMPTY,R2K73-S-AT3
2025-04-04 20:25:00,EMPTY,R2K73-S-AT2
2025-04-04 20:24:58,EMPTY,R2K73-S-BT2
2025-04-04 20:24:57,EMPTY,R2K73-S-BT3
2025-04-04 20:24:55,EMPTY,R2K73-S-BT1
2025-04-04 20:24:53,EMPTY,R2K73-S-CT1
2025-04-04 20:24:50,EMPTY,R2K73-S-CT3
2025-04-04 20:24:43,UNNT6N3XL,R2K73-S-DT3
2025-04-04 20:24:35,UNNT4Q3XL,R2K73-S-DT1
2025-04-04 20:21:34,EMPTY,R2K73-N-AT1
2025-04-04 20:21:31,EMPTY,R2K73-N-AT2
2025-04-04 20:21:29,UNNT2W6XL,R2K73-N-AT3
2025-04-04 20:21:27,UNNT2W5XL,R2K73-N-BT3
2025-04-04 20:21:26,EMPTY,R2K73-N-BT2
2025-04-04 20:21:25,EMPTY,R2K73-N-BT1
2025-04-04 20:21:23,UNNT7D4XL,R2K73-N-CT1
2025-04-04 20:21:22,UNNT9W4XL,R2K73-N-CT2
2025-04-04 20:21:21,UNNT2W4XL,R2K73-N-CT3
2025-04-04 20:21:19,UNNT2W3XL,R2K73-N-DT3
2025-04-04 20:21:17,UNNT9W3XL,R2K73-N-DT2
2025-04-04 20:21:12,UNNT7D3XL,R2K73-N-DT1
2025-04-04 20:21:08,UNNT5S0XS,R2J73-N-AT1
2025-04-04 20:21:06,UNNT5S00S,R2J73-N-AT2
2025-04-04 20:21:05,UNNT5S00M,R2J73-N-AT3
2025-04-04 20:21:03,UNNT5S2XL,R2J73-N-BT3
2025-04-04 20:21:02,UNNT5S0XL,R2J73-N-BT2
2025-04-04 20:21:00,UNNT5S00L,R2J73-N-BT1
2025-04-04 20:20:59,UNNT9P0XS,R2J73-N-CT1
2025-04-04 20:20:57,UNNT9P00S,R2J73-N-CT2
2025-04-04 20:20:55,UNNT9P00M,R2J73-N-CT3
2025-04-04 20:20:53,UNNT9P2XL,R2J73-N-DT3
2025-04-04 20:20:50,UNNT9P0XL,R2J73-N-DT2
2025-04-04 20:20:48,UNNT9P00L,R2J73-N-DT1
2025-04-04 20:20:45,UNNTCO0XS,R2I73-N-AT1
2025-04-04 20:20:44,UNNTCO00S,R2I73-N-AT2
2025-04-04 20:20:42,UNNTCO00M,R2I73-N-AT3
2025-04-04 20:20:40,UNNTCO2XL,R2I73-N-BT3
2025-04-04 20:20:37,UNNTCO0XL,R2I73-N-BT2
2025-04-04 20:20:35,UNNTCO00L,R2I73-N-BT1
2025-04-04 20:20:32,EMPTY,R2I73-N-CT1
2025-04-04 20:20:30,EMPTY,R2I73-N-CT2
2025-04-04 20:20:29,EMPTY,R2I73-N-CT3
2025-04-04 20:20:28,EMPTY,R2I73-N-DT3
2025-04-04 20:20:26,EMPTY,R2I73-N-DT2
2025-04-04 20:20:25,EMPTY,R2I73-N-DT1
2025-04-04 20:20:22,MEHDX600S,R2H73-N-AO1
2025-04-04 20:20:19,MEHDX600M,R2H73-N-BO1
2025-04-04 20:20:18,MEHDX600L,R2H73-N-CO1
2025-04-04 20:20:17,MEHDX60XL,R2H73-N-DO1
2025-04-04 20:20:15,MEHD8M00S,R2G73-N-AO1
2025-04-04 20:20:13,MEHD8M00M,R2G73-N-BO1
2025-04-04 20:20:12,MEHD8M00L,R2G73-N-CO1
2025-04-04 20:20:10,MEHD8M0XL,R2G73-N-DO1
2025-04-04 20:20:08,MEHD6I00S,R2G75-S-AO1
2025-04-04 20:20:06,MEHD6I00M,R2G75-S-BO1
2025-04-04 20:20:05,MEHD6I00L,R2G75-S-CO1
2025-04-04 20:20:03,MEHD6I0XL,R2G75-S-DO1
2025-04-04 20:20:01,MEHDAI00S,R2H75-S-AO1
2025-04-04 20:20:00,MEHDAI00M,R2H75-S-BO1
2025-04-04 20:19:58,MEHDAI00L,R2H75-S-CO1
2025-04-04 20:19:55,MEHDAI0XL,R2H75-S-DO1
2025-04-04 20:19:53,MEHD2H00S,R2I75-S-AO1
2025-04-04 20:19:51,MEHD2H00M,R2I75-S-BO1
2025-04-04 20:19:50,MEHD2H00L,R2I75-S-CO1
2025-04-04 20:19:48,MEHD2H0XL,R2I75-S-DO1
2025-04-04 20:19:46,MEHD3M2XL,R2J75-S-AO1
2025-04-04 20:19:45,MEHD3M3XL,R2J75-S-BO1
2025-04-04 20:19:44,MEHD3M4XL,R2J75-S-CO1
2025-04-04 20:19:42,EMPTY,R2J75-S-DO1
2025-04-04 20:19:40,MEHD1N00S,R2K75-S-AO1
2025-04-04 20:19:38,MEHD1N00M,R2K75-S-BO1
2025-04-04 20:19:37,MEHD1N00L,R2K75-S-CO1
2025-04-04 20:19:36,MEHD1N0XL,R2K75-S-DO1
2025-04-04 20:19:31,MEHD1N2XL,R2K75-N-AO1
2025-04-04 20:19:28,MEHD1N3XL,R2K75-N-BO1
2025-04-04 20:19:26,MEHD1N4XL,R2K75-N-CO1
2025-04-04 20:19:25,MEHD1N5XL,R2K75-N-DO1
2025-04-04 20:19:23,MEHD3M00S,R2J75-N-AO1
2025-04-04 20:19:21,MEHD3M00M,R2J75-N-BO1
2025-04-04 20:19:19,MEHD3M00L,R2J75-N-CO1
2025-04-04 20:19:17,MEHD3M0XL,R2J75-N-DO1
2025-04-04 20:19:15,MEHD2H2XL,R2I75-N-AO1
2025-04-04 20:19:14,MEHD2H3XL,R2I75-N-BO1
2025-04-04 20:19:12,MEHD2H4XL,R2I75-N-CO1
2025-04-04 20:19:10,EMPTY,R2I75-N-DO1
2025-04-04 20:19:08,MEHDAI2XL,R2H75-N-AO1
2025-04-04 20:19:06,MEHDAI3XL,R2H75-N-BO1
2025-04-04 20:19:05,MEHDAI4XL,R2H75-N-CO1
2025-04-04 20:19:02,MEHD6I2XL,R2G75-N-AO1
2025-04-04 20:19:01,MEHD6I3XL,R2G75-N-BO1
2025-04-04 20:18:59,MEHD6I4XL,R2G75-N-CO1
2025-04-04 20:18:56,MEHD0O2XL,R2G77-S-AO1
2025-04-04 20:18:54,MEHD0O3XL,R2G77-S-BO1
2025-04-04 20:18:52,MEHD0O4XL,R2G77-S-CO1
2025-04-04 20:18:51,EMPTY,R2G77-S-DO1
2025-04-04 20:18:48,MEHD4P2XL,R2H77-S-AO1
2025-04-04 20:18:46,MEHD4P3XL,R2H77-S-BO1
2025-04-04 20:18:45,MEHD4P4XL,R2H77-S-CO1
2025-04-04 20:18:43,EMPTY,R2H77-S-DO1
2025-04-04 20:18:41,MEHD7G00S,R2I77-S-AO1
2025-04-04 20:18:39,MEHD7G00M,R2I77-S-BO1
2025-04-04 20:18:38,MEHD7G00L,R2I77-S-CO1
2025-04-04 20:18:36,MEHD7G0XL,R2I77-S-DO1
2025-04-04 20:18:33,MEHD6Q00S,R2J77-S-AO1
2025-04-04 20:18:31,MEHD6Q00M,R2J77-S-BO1
2025-04-04 20:18:29,MEHD6Q00L,R2J77-S-CO1
2025-04-04 20:18:27,MEHD6Q0XL,R2J77-S-DO1
2025-04-04 20:18:24,MEHD7C2XL,R2K77-S-AO1
2025-04-04 20:18:19,MEHD7C3XL,R2K77-S-BO1
2025-04-04 20:18:16,MEHD7C4XL,R2K77-S-CO1
2025-04-04 20:18:15,MEHD7C5XL,R2K77-S-DO1
2025-04-04 20:18:09,MEHD7C00S,R2K77-N-AO1
2025-04-04 20:18:06,MEHD7C00M,R2K77-N-BO1
2025-04-04 20:18:05,MEHD7C00L,R2K77-N-CO1
2025-04-04 20:18:03,MEHD7C0XL,R2K77-N-DO1
2025-04-04 20:17:59,MEHD6Q2XL,R2J77-N-AO1
2025-04-04 20:17:57,MEHD6Q3XL,R2J77-N-BO1
2025-04-04 20:17:56,MEHD6Q4XL,R2J77-N-CO1
2025-04-04 20:17:55,EMPTY,R2J77-N-DO1
2025-04-04 20:17:52,MEHD7G2XL,R2I77-N-AO1
2025-04-04 20:17:50,MEHD7G3XL,R2I77-N-BO1
2025-04-04 20:17:49,EMPTY,R2I77-N-CO1
2025-04-04 20:17:47,EMPTY,R2I77-N-DO1
2025-04-04 20:17:44,MEHD4P00S,R2H77-N-AO1
2025-04-04 20:17:43,MEHD4P00M,R2H77-N-BO1
2025-04-04 20:17:38,MEHD4P00L,R2H77-N-CO1
2025-04-04 20:17:37,MEHD4P0XL,R2H77-N-DO1
2025-04-04 20:17:34,MEHD0O00S,R2G77-N-AO1
2025-04-04 20:17:33,MEHD0O00M,R2G77-N-BO1
2025-04-04 20:17:31,MEHD0O00L,R2G77-N-CO1
2025-04-04 20:17:29,MEHD0O0XL,R2G77-N-DO1
2025-04-04 20:17:27,MEHDBI00S,R2G79-S-AO1
2025-04-04 20:17:25,MEHDBI00M,R2G79-S-BO1
2025-04-04 20:17:24,MEHDBI00L,R2G79-S-CO1
2025-04-04 20:17:22,MEHDBI0XL,R2G79-S-DO1
2025-04-04 20:17:19,MEHD2N00S,R2H79-S-AO1
2025-04-04 20:17:17,MEHD2N00M,R2H79-S-BO1
2025-04-04 20:17:15,MEHD2N00L,R2H79-S-CO1
2025-04-04 20:17:12,MEHD2N0XL,R2H79-S-DO1
2025-04-04 20:17:08,MEHD1W00S,R2I79-S-AO1
2025-04-04 20:17:05,MEHD1W00M,R2I79-S-BO1
2025-04-04 20:17:04,MEHD1W00L,R2I79-S-CO1
2025-04-04 20:17:02,MEHD1W0XL,R2I79-S-DO1
2025-04-04 20:16:59,EMPTY,R2J79-S-DO1
2025-04-04 20:16:54,MEHD7K4XL,R2J79-S-CO1
2025-04-04 20:16:50,MEHD7K3XL,R2J79-S-BO1
2025-04-04 20:16:47,MEHD7K2XL,R2J79-S-AO1
2025-04-04 20:16:33,MEHD1W00M,R2I79-S-BO1
2025-04-04 20:16:31,MEHD1W00L,R2I79-S-CO1
2025-04-04 20:16:29,MEHD1W0XL,R2J79-S-AO1
2025-04-04 20:16:28,MEHD1W0XL,R2J79-S-AO1
2025-04-04 20:16:25,MEHD7K2XL,R2J79-S-AO1
2025-04-04 20:16:24,MEHD7K3XL,R2J79-S-BO1
2025-04-04 20:16:22,MEHD7K4XL,R2J79-S-CO1
2025-04-04 20:16:20,EMPTY,R2J79-S-DO1
2025-04-04 20:16:14,MEHD1B2XL,R2K79-S-AO1
2025-04-04 20:16:12,MEHD1B3XL,R2K79-S-BO1
2025-04-04 20:16:11,MEHD1B4XL,R2K79-S-CO1
2025-04-04 20:16:09,MEHD1B5XL,R2K79-S-DO1
2025-04-04 20:16:04,MEHD1B00S,R2K79-N-AO1
2025-04-04 20:16:02,MEHD1B00M,R2K79-N-BO1
2025-04-04 20:16:01,MEHD1B00L,R2K79-N-CO1
2025-04-04 20:16:00,MEHD1B0XL,R2K79-N-DO1
2025-04-04 20:15:57,MEHD7K00S,R2J79-N-AO1
2025-04-04 20:15:56,MEHD7K00M,R2J79-N-CO1
2025-04-04 20:15:55,MEHD7K00M,R2J79-N-CO1
2025-04-04 20:15:54,MEHD7K00L,R2J79-N-CO1
2025-04-04 20:15:53,MEHD7K0XL,R2J79-N-DO1
2025-04-04 20:15:51,MEHD1W2XL,R2I79-N-AO1
2025-04-04 20:15:49,MEHD1W3XL,R2I79-N-BO1
2025-04-04 20:15:47,MEHD1W4XL,R2I79-N-CO1
2025-04-04 20:15:46,MEHD1W5XL,R2I79-N-DO1
2025-04-04 20:15:44,MEHD2N2XL,R2H79-N-AO1
2025-04-04 20:15:42,MEHD2N3XL,R2H79-N-BO1
2025-04-04 20:15:41,MEHD2N4XL,R2H79-N-CO1
2025-04-04 20:15:38,MEHDBI2XL,R2G79-N-AO1
2025-04-04 20:15:37,MEHDBI3XL,R2G79-N-BO1
2025-04-04 20:15:34,MEHDBI5XL,R2G79-N-DO1
2025-04-04 20:15:28,MEHD2F00S,R2G81-S-BO1
2025-04-04 20:15:27,MEHD2F00S,R2G81-S-BO1
2025-04-04 20:15:26,MEHD2F00M,R2G81-S-BO1
2025-04-04 20:15:25,MEHD2F00L,R2G81-S-CO1
2025-04-04 20:15:24,MEHD2F0XL,R2G81-S-DO1
2025-04-04 20:15:21,MEHDCK2XL,R2H81-S-AO1
2025-04-04 20:15:20,MEHDCK3XL,R2H81-S-BO1
2025-04-04 20:15:17,MEHDCK4XL,R2H81-S-CO1
2025-04-04 20:15:13,MEHD3Y00S,R2I81-S-AO1
2025-04-04 20:15:11,MEHD3Y00M,R2I81-S-BO1
2025-04-04 20:15:09,MEHD3Y00L,R2I81-S-CO1
2025-04-04 20:15:08,MEHD3Y0XL,R2I81-S-DO1
2025-04-04 20:15:05,MEHD6R00S,R2J81-S-AO1
2025-04-04 20:15:03,MEHD6R00M,R2J81-S-BO1
2025-04-04 20:15:02,MEHD6R00L,R2J81-S-CO1
2025-04-04 20:15:01,MEHD6R0XL,R2J81-S-DO1
2025-04-04 20:14:51,MEHD6R2XL,R2J81-N-AO1
2025-04-04 20:14:49,MEHD6R3XL,R2J81-N-BO1
2025-04-04 20:14:48,MEHD6R4XL,R2J81-N-CO1
2025-04-04 20:14:47,EMPTY,R2J81-N-DO1
2025-04-04 20:14:44,MEHD3Y2XL,R2I81-N-AO1
2025-04-04 20:14:43,MEHD3Y3XL,R2I81-N-BO1
2025-04-04 20:14:41,MEHD3Y4XL,R2I81-N-CO1
2025-04-04 20:14:40,EMPTY,R2I81-N-DO1
2025-04-04 20:14:37,MEHDCK00S,R2H81-N-AO1
2025-04-04 20:14:35,MEHDCK00M,R2H81-N-BO1
2025-04-04 20:14:34,MEHDCK00L,R2H81-N-CO1
2025-04-04 20:14:32,MEHDCK0XL,R2H81-N-DO1
2025-04-04 20:14:30,MEHD2F2XL,R2G81-N-AO1
2025-04-04 20:14:29,MEHD2F3XL,R2G81-N-BO1
2025-04-04 20:14:27,MEHD2F4XL,R2G81-N-CO1
2025-04-04 20:14:23,EMPTY,R2G81-N-DO1
2025-04-04 20:14:20,MEHD3R2XL,R2G83-S-AO1
2025-04-04 20:14:19,MEHD3R3XL,R2G83-S-BO1
2025-04-04 20:14:17,MEHD3R4XL,R2G83-S-CO1
2025-04-04 20:14:16,MEHD3R5XL,R2G83-S-DO1
2025-04-04 20:14:13,MEHD4G2XL,R2H83-S-AO1
2025-04-04 20:14:11,MEHD4G3XL,R2H83-S-BO1
2025-04-04 20:14:10,MEHD4G4XL,R2H83-S-CO1
2025-04-04 20:14:09,EMPTY,R2H83-S-DO1
2025-04-04 20:14:06,MEHD3K00S,R2I83-S-AO1
2025-04-04 20:14:04,MEHD3K00M,R2I83-S-BO1
2025-04-04 20:14:03,MEHD3K00L,R2I83-S-CO1
2025-04-04 20:14:02,MEHD3K0XL,R2I83-S-DO1
2025-04-04 20:13:59,MEHD3W2XL,R2J83-S-AO1
2025-04-04 20:13:56,MEHD3W3XL,R2J83-S-BO1
2025-04-04 20:13:55,MEHD3W4XL,R2J83-S-CO1
2025-04-04 20:13:54,EMPTY,R2J83-S-DO1
2025-04-04 20:13:51,MEHDZ600S,R2K83-S-AO1
2025-04-04 20:13:49,MEHDZ600M,R2K83-S-BO1
2025-04-04 20:13:48,MEHDZ600L,R2K83-S-CO1
2025-04-04 20:13:47,MEHDZ60XL,R2K83-S-DO1
2025-04-04 20:13:42,MEHDZ62XL,R2K83-N-AO1
2025-04-04 20:13:40,MEHDZ63XL,R2K83-N-BO1
2025-04-04 20:13:39,MEHDZ64XL,R2K83-N-CO1
2025-04-04 20:13:37,EMPTY,R2K83-N-DO1
2025-04-04 20:13:35,MEHD3W00S,R2J83-N-AO1
2025-04-04 20:13:33,MEHD3W00M,R2J83-N-BO1
2025-04-04 20:13:31,MEHD3W00L,R2J83-N-CO1
2025-04-04 20:13:30,MEHD3W0XL,R2J83-N-DO1
2025-04-04 20:13:28,MEHD3K2XL,R2I83-N-AO1
2025-04-04 20:13:26,MEHD3K3XL,R2I83-N-BO1
2025-04-04 20:13:25,MEHD3K4XL,R2I83-N-CO1
2025-04-04 20:13:24,EMPTY,R2I83-N-DO1
2025-04-04 20:13:21,MEHD4G00S,R2H83-N-AO1
2025-04-04 20:13:20,MEHD4G00M,R2H83-N-BO1
2025-04-04 20:13:18,MEHD4G00L,R2H83-N-CO1
2025-04-04 20:13:17,MEHD4G0XL,R2H83-N-DO1
2025-04-04 20:13:14,MEHD3R00S,R2G83-N-AO1
2025-04-04 20:13:12,MEHD3R00M,R2G83-N-CO1
2025-04-04 20:13:11,MEHD3R00M,R2G83-N-CO1
2025-04-04 20:13:10,MEHD3R00L,R2G83-N-CO1
2025-04-04 20:13:09,MEHD3R0XL,R2G83-N-DO1
2025-04-04 20:13:06,MEHD3F2XL,R2G85-S-AO1
2025-04-04 20:13:05,MEHD3F3XL,R2G85-S-BO1
2025-04-04 20:13:03,MEHD3F4XL,R2G85-S-CO1
2025-04-04 20:13:02,EMPTY,R2G85-S-DO1
2025-04-04 20:12:59,MEHDCH2XL,R2H85-S-AO1
2025-04-04 20:12:57,MEHDCH3XL,R2H85-S-BO1
2025-04-04 20:12:55,EMPTY,R2H85-S-CO1
2025-04-04 20:12:53,EMPTY,R2H85-S-DO1
2025-04-04 20:12:50,MEHD4O00S,R2I85-S-AO1
2025-04-04 20:12:49,MEHD4O00M,R2I85-S-BO1
2025-04-04 20:12:47,MEHD4O00L,R2I85-S-CO1
2025-04-04 20:12:46,MEHD4O0XL,R2I85-S-DO1
2025-04-04 20:12:43,MEHD4N00S,R2J85-S-AO1
2025-04-04 20:12:42,MEHD4N00M,R2J85-S-BO1
2025-04-04 20:12:40,MEHD4N00L,R2J85-S-CO1
2025-04-04 20:12:39,MEHD4N0XL,R2J85-S-DO1
2025-04-04 20:12:36,MEHDCI00S,R2K85-S-AO1
2025-04-04 20:12:34,MEHDCI00M,R2K85-S-BO1
2025-04-04 20:12:32,MEHDCI00L,R2K85-S-CO1
2025-04-04 20:12:31,MEHDCI0XL,R2K85-S-DO1
2025-04-04 20:12:25,MEHDCI2XL,R2K85-N-AO1
2025-04-04 20:12:24,MEHDCI3XL,R2K85-N-BO1
2025-04-04 20:12:22,MEHDCI4XL,R2K85-N-CO1
2025-04-04 20:12:21,EMPTY,R2K85-N-DO1
2025-04-04 20:12:18,MEHD4N2XL,R2J85-N-AO1
2025-04-04 20:12:16,MEHD4N3XL,R2J85-N-BO1
2025-04-04 20:12:15,MEHD4N4XL,R2J85-N-CO1
2025-04-04 20:12:14,EMPTY,R2J85-N-DO1
2025-04-04 20:05:34,MEHD4O00S,R2I85-S-AO1
2025-04-04 20:05:33,MEHD4O00M,R2I85-S-BO1
2025-04-04 20:05:31,MEHD4O00L,R2I85-S-CO1
2025-04-04 20:05:30,MEHD4O0XL,R2I85-S-DO1
2025-04-04 20:05:27,MEHD4N00S,R2J85-S-AO1
2025-04-04 20:05:25,MEHD4N00M,R2J85-S-BO1
2025-04-04 20:05:24,MEHD4N00L,R2J85-S-CO1
2025-04-04 20:05:22,MEHD4N0XL,R2J85-S-DO1
2025-04-04 20:05:19,MEHDCI00S,R2K85-S-AO1
2025-04-04 20:05:17,MEHDCI00M,R2K85-S-BO1
2025-04-04 20:05:15,MEHDCI00L,R2K85-S-CO1
2025-04-04 20:05:13,MEHDCI0XL,R2K85-S-DO1
2025-04-04 20:05:07,MEHDCI2XL,R2K85-N-AO1
2025-04-04 20:05:05,MEHDCI3XL,R2K85-N-BO1
2025-04-04 20:05:04,MEHDCI4XL,R2K85-N-CO1
2025-04-04 20:05:02,EMPTY,R2K85-N-DO1
2025-04-04 20:04:58,MEHD4N2XL,R2J85-N-AO1
2025-04-04 20:04:54,MEHD4N3XL,R2J85-N-BO1
2025-04-04 20:04:52,MEHD4N4XL,R2J85-N-CO1
2025-04-04 20:04:50,EMPTY,R2J85-N-DO1
2025-04-04 20:04:47,MEHD4O2XL,R2I85-N-AO1
2025-04-04 20:04:45,MEHD4O3XL,R2I85-N-BO1
2025-04-04 20:04:42,EMPTY,R2I85-N-CO1
2025-04-04 20:04:35,EMPTY,R2I85-N-DO1
2025-04-04 20:04:31,MEHDCH00S,R2H85-N-AO1
2025-04-04 20:04:29,MEHDCH00M,R2H85-N-BO1
2025-04-04 20:04:28,MEHDCH00L,R2H85-N-CO1
2025-04-04 20:04:27,MEHDCH0XL,R2H85-N-DO1
2025-04-04 20:04:25,MEHD3F00S,R2G85-N-AO1
2025-04-04 20:04:24,MEHD3F00M,R2G85-N-BO1
2025-04-04 20:04:23,MEHD3F00L,R2G85-N-CO1
2025-04-04 20:04:21,MEHD3F0XL,R2G85-N-DO1
2025-04-04 20:01:56,GDSU1B00S,R2B85-N-AO1
2025-04-04 20:01:54,GDSU1B00M,R2B85-N-BO1
2025-04-04 20:01:53,GDSU1B00L,R2B85-N-CO1
2025-04-04 20:01:52,GDSU1B0XL,R2B85-N-DO1
2025-04-04 20:01:49,GDSU1B2XL,R2C85-N-AO1
2025-04-04 20:01:47,GDSU1B3XL,R2C85-N-BO1
2025-04-04 20:01:46,GDSU3W2XL,R2C85-N-CO1
2025-04-04 20:01:45,GDSU3W3XL,R2C85-N-DO1
2025-04-04 20:01:42,GDSU3W00S,R2D85-N-AO1
2025-04-04 20:01:41,GDSU3W00M,R2D85-N-BO1
2025-04-04 20:01:39,GDSU3W00L,R2D85-N-CO1
2025-04-04 20:01:38,GDSU3W0XL,R2D85-N-DO1
2025-04-04 20:00:53,GDSU1N00S,R2D85-S-AO1
2025-04-04 20:00:51,GDSU1N00M,R2D85-S-BO1
2025-04-04 20:00:49,GDSU1N00L,R2D85-S-CO1
2025-04-04 20:00:47,GDSU1N0XL,R2D85-S-DO1
2025-04-04 20:00:40,GDSU1N2XL,R2C85-S-AO1
2025-04-04 20:00:39,GDSU1N3XL,R2C85-S-BO1
2025-04-04 20:00:38,GDSU7C2XL,R2C85-S-CO1
2025-04-04 20:00:36,GDSU7C3XL,R2C85-S-DO1
2025-04-04 20:00:33,GDSU7C00S,R2B85-S-AO1
2025-04-04 20:00:32,GDSU7C00M,R2B85-S-BO1
2025-04-04 20:00:30,GDSU7C00L,R2B85-S-CO1
2025-04-04 20:00:29,GDSU7C0XL,R2B85-S-DO1
2025-04-04 19:58:57,GDSU1W2XL,R2B83-S-AO1
2025-04-04 19:58:56,GDSU1W3XL,R2B83-S-BO1
2025-04-04 19:58:54,GDSU4H2XL,R2B83-S-CO1
2025-04-04 19:58:53,GDSU4H3XL,R2B83-S-DO1
2025-04-04 19:58:50,GDSU0F00S,R2C83-S-AO1
2025-04-04 19:58:48,GDSU0F00M,R2C83-S-BO1
2025-04-04 19:58:42,GDSU0F00L,R2C83-S-CO1
2025-04-04 19:58:39,GDSU0F0XL,R2C83-S-DO1
2025-04-04 19:58:37,YOPT9E00S,R2D83-S-AT1
2025-04-04 19:58:35,YOPT3X00S,R2D83-S-AT2
2025-04-04 19:58:34,YOPT1K00S,R2D83-S-AT3
2025-04-04 19:58:33,YOPT1K00M,R2D83-S-BT3
2025-04-04 19:58:31,YOPT3X00M,R2D83-S-BT2
2025-04-04 19:58:30,YOPT9E00M,R2D83-S-BT1
2025-04-04 19:58:28,YOPT9E00L,R2D83-S-CT1
2025-04-04 19:58:26,YOPT3X00L,R2D83-S-CT2
2025-04-04 19:58:24,YOPT1K00L,R2D83-S-CT3
2025-04-04 19:58:22,YOPT1K0XL,R2D83-S-DT3
2025-04-04 19:58:19,YOPT3X0XL,R2D83-S-DT2
2025-04-04 19:58:17,YOPT9E0XL,R2D83-S-DT1
2025-04-04 19:58:15,YOPT3Y00S,R2E83-S-AT3
2025-04-04 19:58:13,YOPT1R00S,R2E83-S-AT2
2025-04-04 19:58:12,YOPT5Q00S,R2E83-S-AT1
2025-04-04 19:58:10,YOPT5Q00M,R2E83-S-BT1
2025-04-04 19:58:09,YOPT1R00M,R2E83-S-BT2
2025-04-04 19:58:07,YOPT3Y00M,R2E83-S-BT3
2025-04-04 19:58:05,YOPT3Y00L,R2E83-S-CT3
2025-04-04 19:58:04,YOPT1R00L,R2E83-S-CT2
2025-04-04 19:58:02,YOPT5Q00L,R2E83-S-CT1
2025-04-04 19:57:57,YOPT3Y0XL,R2E83-S-DT3
2025-04-04 19:57:50,YOPT1R0XL,R2E83-S-DT2
2025-04-04 19:57:49,YOPT5Q0XL,R2E83-S-DT1
2025-04-04 19:57:42,YOPT5C00S,R2E81-N-AT3
2025-04-04 19:57:22,YOPT5R00S,R2E81-N-AT2
2025-04-04 19:57:20,YOPT5W00S,R2E81-N-AT1
2025-04-04 19:57:14,YOPT5C00M,R2E81-N-BT3
2025-04-04 19:56:47,YOPT5R00M,R2E81-N-BT2
2025-04-04 19:56:43,YOPT5W00M,R2E81-N-BT1
2025-04-04 19:56:33,YOPT5C00L,R2E81-N-CT3
2025-04-04 19:56:00,YOPT5R00L,R2E81-N-CT2
2025-04-04 19:55:58,YOPT5W00L,R2E81-N-CT1
2025-04-04 19:55:52,YOPT5C0XL,R2E81-N-DT3
2025-04-04 19:55:48,YOPT5R0XL,R2E81-N-DT2
2025-04-04 19:55:46,YOPT5W0XL,R2E81-N-DT1
2025-04-04 19:49:42,TOPT2D02T,R2C79-N-AT1
2025-04-04 19:49:38,TOPT2D03T,R2C79-N-BT1
2025-04-04 19:48:43,TOPT2D04T,R2C79-N-CT1
2025-04-04 19:47:31,TOPT2D05T,R2C79-N-DT1
2025-04-04 19:45:27,YOPT8V00S,R2D79-N-AT3
2025-04-04 19:45:26,YOPTP600S,R2D79-N-AT2
2025-04-04 19:45:24,YOPTI000S,R2D79-N-AT1
2025-04-04 19:45:22,YOPT8V00M,R2D79-N-BT3
2025-04-04 19:45:19,YOPTP600M,R2D79-N-BT2
2025-04-04 19:45:18,YOPTI000M,R2D79-N-BT1
2025-04-04 19:45:16,YOPT8V00L,R2D79-N-CT3
2025-04-04 19:45:13,YOPTP600L,R2D79-N-CT2
2025-04-04 19:45:12,YOPTI000L,R2D79-N-CT1
2025-04-04 19:45:10,YOPT8V0XL,R2D79-N-DT3
2025-04-04 19:45:07,YOPTP60XL,R2D79-N-DT2
2025-04-04 19:45:06,YOPTI00XL,R2D79-N-DT1
2025-04-04 19:45:00,YOPT7G00S,R2E79-N-AT3
2025-04-04 19:44:59,YOPT2H00S,R2E79-N-AT2
2025-04-04 19:44:57,YOPT3Q00S,R2E79-N-AT1
2025-04-04 19:44:56,YOPT7G00M,R2E79-N-BT3
2025-04-04 19:44:54,YOPT2H00M,R2E79-N-BT2
2025-04-04 19:44:53,YOPT3Q00M,R2E79-N-BT1
2025-04-04 19:44:51,YOPT7G00L,R2E79-N-CT3
2025-04-04 19:44:50,YOPT2H00L,R2E79-N-CT2
2025-04-04 19:44:49,YOPT3Q00L,R2E79-N-CT1
2025-04-04 19:44:46,YOPT7G0XL,R2E79-N-DT3
2025-04-04 19:44:43,YOPT2H0XL,R2E79-N-DT2
2025-04-04 19:44:39,YOPT3Q0XL,R2E79-N-DT1
2025-04-04 19:44:25,YOPT4B0XL,R2E79-S-DT1
2025-04-04 19:44:22,YOPT4B00L,R2E79-S-CT1
2025-04-04 19:44:21,YOPT4B00M,R2E79-S-BT1
2025-04-04 19:44:19,YOPT4B00S,R2E79-S-AT3
2025-04-04 19:44:17,YOPT8B00S,R2E79-S-AT2
2025-04-04 19:44:15,YOPT8B00M,R2E79-S-BT2
2025-04-04 19:44:13,YOPT8B00L,R2E79-S-CT2
2025-04-04 19:44:12,YOPT8B0XL,R2E79-S-DT2
2025-04-04 19:44:09,YOPT6H00S,R2E79-S-AT1
2025-04-04 19:44:07,YOPT6H00M,R2E79-S-BT3
2025-04-04 19:44:05,YOPT6H00L,R2E79-S-CT3
2025-04-04 19:44:03,YOPT6H0XL,R2E79-S-DT3
2025-04-04 19:43:58,YOPTH000S,R2D79-S-AT1
2025-04-04 19:43:56,YOPTH000M,R2D79-S-BT1
2025-04-04 19:43:54,YOPTH000L,R2D79-S-CT1
2025-04-04 19:43:52,YOPTH00XL,R2D79-S-DT1
2025-04-04 19:43:50,YOPT5K0XL,R2D79-S-DT2
2025-04-04 19:43:48,YOPT5K00L,R2D79-S-CT2
2025-04-04 19:43:46,YOPT5K00M,R2D79-S-BT2
2025-04-04 19:43:44,YOPT5K00S,R2D79-S-AT2
2025-04-04 19:43:42,YOPT6I00S,R2D79-S-AT3
2025-04-04 19:43:39,YOPT6I00M,R2D79-S-BT3
2025-04-04 19:43:37,YOPT6I00L,R2D79-S-CT3
2025-04-04 19:43:34,YOPT6I0XL,R2D79-S-DT3
2025-04-04 19:43:29,TOPT1F02T,R2C79-S-AT3
2025-04-04 19:43:25,TOPT1F03T,R2C79-S-BT3
2025-04-04 19:43:18,TOPT1F04T,R2C79-S-CT3
2025-04-04 19:43:15,TOPT1F05T,R2C79-S-DT3
2025-04-04 19:43:09,TOPT1Y02T,R2C79-S-AT1
2025-04-04 19:42:12,TOPT1Y05T,R2C79-S-DT1
2025-04-04 19:41:19,TOPT1Y04T,R2C79-S-CT1
2025-04-04 19:40:06,TOPT1K02T,R2B79-S-AT3
2025-04-04 19:40:04,TOPT2X02T,R2B79-S-AT1
2025-04-04 19:40:02,TOPT2J02T,R2B79-S-AT2
2025-04-04 19:39:57,TOPT2J03T,R2B79-S-BT2
2025-04-04 19:39:36,TOPT2X03T,R2B79-S-BT1
2025-04-04 19:39:34,TOPT1K03T,R2B79-S-BT3
2025-04-04 19:39:32,TOPT1K04T,R2B79-S-CT3
2025-04-04 19:39:27,TOPT2J04T,R2B79-S-CT2
2025-04-04 19:38:36,TOPT2X04T,R2B79-S-CT1
2025-04-04 19:38:06,TOPT1K05T,R2B79-S-DT3
2025-04-04 19:38:04,TOPT2J05T,R2B79-S-DT2
2025-04-04 19:38:03,TOPT2X05T,R2B79-S-DT1
2025-04-04 19:36:36,TOPT4B04T,R2B77-N-DT3
2025-04-04 19:35:54,TOP2202T,R2B77-N-AT2
2025-04-04 19:35:31,TOPT8R02T,R2B77-N-AT1
2025-04-04 19:35:29,TOPT4B02T,R2B77-N-AT3
2025-04-04 19:35:23,TOPT2Z05T,R2B77-N-DT2
2025-04-04 19:35:17,TOPT8R04T,R2B77-N-CT1
2025-04-04 19:35:16,TOPT2Z04T,R2B77-N-CT2
2025-04-04 19:35:14,TOPT4B04T,R2B77-N-CT3
2025-04-04 19:34:54,NLPT7D0XS,R2D77-N-AT1
2025-04-04 19:34:51,NLPT7D00S,R2D77-N-AT2
2025-04-04 19:34:50,NLPT7D00M,R2D77-N-AT3
2025-04-04 19:34:41,NLPT7D00L,R2D77-N-BT1
2025-04-04 19:34:40,NLPT7D0XL,R2D77-N-BT2
2025-04-04 19:34:38,NLPT7D2XL,R2D77-N-BT3
2025-04-04 19:34:37,EMPTY,R2D77-N-CT3
2025-04-04 19:34:35,NLPT7D4XL,R2D77-N-CT2
2025-04-04 19:34:33,NLPT7D3XL,R2D77-N-CT1
2025-04-04 19:34:30,EMPTY,R2D77-N-DT1
2025-04-04 19:34:29,EMPTY,R2D77-N-DT2
2025-04-04 19:34:27,EMPTY,R2D77-N-DT3
2025-04-04 19:34:24,NLPT6B0XS,R2E77-N-AT1
2025-04-04 19:34:23,NLPT6B00S,R2E77-N-AT2
2025-04-04 19:34:22,NLPT6B00M,R2E77-N-AT3
2025-04-04 19:34:20,NLPT6B2XL,R2E77-N-BT3
2025-04-04 19:34:18,NLPT6B0XL,R2E77-N-BT2
2025-04-04 19:34:15,NLPT6B00L,R2E77-N-BT1
2025-04-04 19:34:14,NLPT6B3XL,R2E77-N-CT1
2025-04-04 19:34:12,EMPTY,R2E77-N-CT3
2025-04-04 19:34:09,EMPTY,R2E77-N-CT2
2025-04-04 19:34:06,EMPTY,R2E77-N-DT1
2025-04-04 19:34:05,EMPTY,R2E77-N-DT2
2025-04-04 19:34:03,EMPTY,R2E77-N-DT3
2025-04-04 19:33:57,NLPT3N0XS,R2E77-S-AT1
2025-04-04 19:33:55,NLPT3N00S,R2E77-S-AT2
2025-04-04 19:33:54,NLPT3N00M,R2E77-S-AT3
2025-04-04 19:33:52,NLPT3N2XL,R2E77-S-BT3
2025-04-04 19:33:51,NLPT3N0XL,R2E77-S-BT2
2025-04-04 19:33:50,NLPT3N00L,R2E77-S-BT1
2025-04-04 19:33:48,NLPT3N3XL,R2E77-S-CT1
2025-04-04 19:33:47,NLPT3N4XL,R2E77-S-CT2
2025-04-04 19:33:45,NLPT3N5XL,R2E77-S-CT3
2025-04-04 19:33:44,EMPTY,R2E77-S-DT3
2025-04-04 19:33:43,EMPTY,R2E77-S-DT2
2025-04-04 19:33:42,NLPT3N6XL,R2E77-S-DT1
2025-04-04 19:33:38,NLPT6A0XS,R2D77-S-AT1
2025-04-04 19:33:36,NLPT6A00S,R2D77-S-AT2
2025-04-04 19:33:35,NLPT6A00M,R2D77-S-AT3
2025-04-04 19:33:33,NLPT6A2XL,R2D77-S-BT3
2025-04-04 19:33:32,NLPT6A0XL,R2D77-S-BT2
2025-04-04 19:33:30,NLPT6A00L,R2D77-S-BT1
2025-04-04 19:33:29,NLPT6A3XL,R2D77-S-CT1
2025-04-04 19:33:27,EMPTY,R2D77-S-CT2
2025-04-04 19:33:25,EMPTY,R2D77-S-CT3
2025-04-04 19:33:23,EMPTY,R2D77-S-DT1
2025-04-04 19:33:21,EMPTY,R2D77-S-DT2
2025-04-04 19:33:19,EMPTY,R2D77-S-DT3
2025-04-04 19:33:12,TOPT1P02T,R2C77-S-AT1
2025-04-04 19:33:11,TOPT1P03T,R2C77-S-BT1
2025-04-04 19:33:09,TOPT1P04T,R2C77-S-CT1
2025-04-04 19:33:01,TOPT1P05T,R2C77-S-DT1
2025-04-04 19:30:52,NLPT1F00M,R2B75-S-AT3
2025-04-04 19:30:51,NLPT1F00S,R2B75-S-AT2
2025-04-04 19:30:49,NLPT1F0XS,R2B75-S-AT1
2025-04-04 19:30:48,NLPT1F00L,R2B75-S-BT1
2025-04-04 19:30:47,NLPT1F0XL,R2B75-S-BT2
2025-04-04 19:30:45,NLPT1F2XL,R2B75-S-BT3
2025-04-04 19:30:44,EMPTY,R2B75-S-CT3
2025-04-04 19:30:43,NLPT1F4XL,R2B75-S-CT2
2025-04-04 19:30:41,NLPT1F3XL,R2B75-S-CT1
2025-04-04 19:30:39,EMPTY,R2B75-S-DT3
2025-04-04 19:30:38,EMPTY,R2B75-S-DT2
2025-04-04 19:30:37,EMPTY,R2B75-S-DT1
2025-04-04 19:30:35,NLPTQ90XS,R2C75-S-AT1
2025-04-04 19:30:33,NLPTQ900S,R2C75-S-AT2
2025-04-04 19:30:32,NLPTQ900M,R2C75-S-AT3
2025-04-04 19:30:30,NLPTQ92XL,R2C75-S-BT3
2025-04-04 19:30:29,NLPTQ90XL,R2C75-S-BT2
2025-04-04 19:30:28,NLPTQ900L,R2C75-S-BT1
2025-04-04 19:30:26,NLPTQ93XL,R2C75-S-CT1
2025-04-04 19:30:25,NLPTQ94XL,R2C75-S-CT2
2025-04-04 19:30:24,NLPTQ95XL,R2C75-S-CT3
2025-04-04 19:30:22,EMPTY,R2C75-S-DT3
2025-04-04 19:30:21,EMPTY,R2C75-S-DT2
2025-04-04 19:30:20,NLPTQ96XL,R2C75-S-DT1
2025-04-04 19:30:17,NLPT8W00M,R2D75-S-AT3
2025-04-04 19:30:16,NLPT8W00S,R2D75-S-AT2
2025-04-04 19:30:15,NLPT8W0XS,R2D75-S-AT1
2025-04-04 19:30:13,NLPT8W00L,R2D75-S-BT1
2025-04-04 19:30:12,NLPT8W0XL,R2D75-S-BT2
2025-04-04 19:30:10,NLPT8W2XL,R2D75-S-BT3
2025-04-04 19:30:09,EMPTY,R2D75-S-CT3
2025-04-04 19:30:08,NLPT8W4XL,R2D75-S-CT2
2025-04-04 19:30:06,NLPT8W3XL,R2D75-S-CT1
2025-04-04 19:30:03,EMPTY,R2D75-S-DT3
2025-04-04 19:30:01,EMPTY,R2D75-S-DT2
2025-04-04 19:30:00,EMPTY,R2D75-S-DT1
2025-04-04 19:29:57,NLPT2Q00M,R2E75-S-AT3
2025-04-04 19:29:55,NLPT2Q00S,R2E75-S-AT2
2025-04-04 19:29:53,NLPT2Q0XS,R2E75-S-AT1
2025-04-04 19:29:52,NLPT2Q00L,R2E75-S-BT1
2025-04-04 19:29:51,NLPT2Q0XL,R2E75-S-BT2
2025-04-04 19:29:49,NLPT2Q2XL,R2E75-S-BT3
2025-04-04 19:29:48,EMPTY,R2E75-S-CT3
2025-04-04 19:29:47,NLPT2Q4XL,R2E75-S-CT2
2025-04-04 19:29:46,NLPT2Q3XL,R2E75-S-CT1
2025-04-04 19:29:43,EMPTY,R2E75-S-DT3
2025-04-04 19:29:42,EMPTY,R2E75-S-DT2
2025-04-04 19:29:41,EMPTY,R2E75-S-DT1
2025-04-04 19:29:38,NLPT4V0XS,R2E73-N-AT1
2025-04-04 19:29:37,NLPT4V00S,R2E73-N-AT2
2025-04-04 19:29:35,NLPT4V00M,R2E73-N-AT3
2025-04-04 19:29:34,NLPT4V2XL,R2E73-N-BT3
2025-04-04 19:29:33,NLPT4V0XL,R2E73-N-BT2
2025-04-04 19:29:32,NLPT4V00L,R2E73-N-BT1
2025-04-04 19:29:30,NLPT4V3XL,R2E73-N-CT1
2025-04-04 19:29:29,NLPT4V4XL,R2E73-N-CT2
2025-04-04 19:29:27,EMPTY,R2E73-N-CT3
2025-04-04 19:29:24,NLPTMJ2XL,R2E73-N-DT3
2025-04-04 19:29:23,NLPTMJ0XL,R2E73-N-DT2
2025-04-04 19:29:22,NLPTMJ00L,R2E73-N-DT1
2025-04-04 19:29:12,EMPTY,R2D73-N-AT3
2025-04-04 19:29:10,WOBF4C00M,R2D73-N-AT2
2025-04-04 19:29:09,WOBF4C00S,R2D73-N-AT1
2025-04-04 19:29:02,WOBF4C2XL,R2D73-N-BT3
2025-04-04 19:29:01,WOBF4C0XL,R2D73-N-BT2
2025-04-04 19:29:00,WOBF4C00L,R2D73-N-BT1
2025-04-04 19:28:25,EMPTY,R2D73-N-CT3
2025-04-04 19:27:40,WOBF2J2XL,R2D73-N-DT3
2025-04-04 19:27:38,WOBF2J0XL,R2D73-N-DT2
2025-04-04 19:27:36,WOBF2J00L,R2D73-N-DT1
2025-04-04 19:27:33,NLPTR30XS,R2C73-N-AT1
2025-04-04 19:27:31,NLPTR300S,R2C73-N-AT2
2025-04-04 19:27:29,NLPTR300M,R2C73-N-AT3
2025-04-04 19:27:27,NLPTR32XL,R2C73-N-BT3
2025-04-04 19:27:26,NLPTR30XL,R2C73-N-BT2
2025-04-04 19:27:25,NLPTR300L,R2C73-N-BT1
2025-04-04 19:27:23,NLPTR33XL,R2C73-N-CT1
2025-04-04 19:27:22,NLPTR34XL,R2C73-N-CT2
2025-04-04 19:27:20,NLPTR35XL,R2C73-N-CT3
2025-04-04 19:27:18,EMPTY,R2C73-N-DT3
2025-04-04 19:27:17,EMPTY,R2C73-N-DT2
2025-04-04 19:27:16,NLPTR36XL,R2C73-N-DT1
2025-04-04 19:27:12,NLPTR200M,R2B73-N-AT3
2025-04-04 19:27:11,NLPTR200S,R2B73-N-AT2
2025-04-04 19:27:09,NLPTR20XS,R2B73-N-AT1
2025-04-04 19:27:07,NLPTR22XL,R2B73-N-BT3
2025-04-04 19:27:06,NLPTR20XL,R2B73-N-BT2
2025-04-04 19:27:05,NLPTR200L,R2B73-N-BT1
2025-04-04 19:27:03,NLPTR23XL,R2B73-N-CT1
2025-04-04 19:27:02,NLPTR24XL,R2B73-N-CT2
2025-04-04 19:27:01,EMPTY,R2B73-N-CT3
2025-04-04 19:26:59,EMPTY,R2B73-N-DT3
2025-04-04 19:26:58,EMPTY,R2B73-N-DT2
2025-04-04 19:26:56,EMPTY,R2B73-N-DT1
2025-04-04 19:26:45,NLPT0M0XS,R2B73-S-AT1
2025-04-04 19:26:42,NLPT0M00S,R2B73-S-AT2
2025-04-04 19:26:41,NLPT0M00M,R2B73-S-AT3
2025-04-04 19:26:37,NLPT0M2XL,R2B73-S-BT3
2025-04-04 19:26:35,NLPT0M0XL,R2B73-S-BT2
2025-04-04 19:26:33,NLPT0M00L,R2B73-S-BT1
2025-04-04 19:26:28,NLPT0M3XL,R2B73-S-CT1
2025-04-04 19:26:27,NLPT0M4XL,R2B73-S-CT2
2025-04-04 19:26:25,EMPTY,R2B73-S-CT3
2025-04-04 19:26:24,EMPTY,R2B73-S-DT3
2025-04-04 19:26:22,EMPTY,R2B73-S-DT2
2025-04-04 19:26:20,EMPTY,R2B73-S-DT1
2025-04-04 19:26:17,NLPTQ70XS,R2C73-S-AT1
2025-04-04 19:26:15,NLPTQ700S,R2C73-S-AT2
2025-04-04 19:26:14,NLPTQ700M,R2C73-S-AT3
2025-04-04 19:26:12,NLPTQ72XL,R2C73-S-BT3
2025-04-04 19:26:11,NLPTQ70XL,R2C73-S-BT2
2025-04-04 19:26:09,NLPTQ700L,R2C73-S-BT1
2025-04-04 19:26:08,NLPTQ73XL,R2C73-S-CT1
2025-04-04 19:26:07,NLPTQ74XL,R2C73-S-CT2
2025-04-04 19:26:05,NLPTOC3XL,R2C73-S-CT3
2025-04-04 19:26:04,EMPTY,R2C73-S-DT3
2025-04-04 19:26:02,EMPTY,R2C73-S-DT2
2025-04-04 19:26:00,EMPTY,R2C73-S-DT1
2025-04-04 19:25:57,WOBF7G00S,R2D73-S-AT1
2025-04-04 19:25:56,WOBF7G00M,R2D73-S-AT2
2025-04-04 19:25:54,EMPTY,R2D73-S-AT3
2025-04-04 19:25:53,WOBF7G2XL,R2D73-S-BT3
2025-04-04 19:25:51,WOBF7G0XL,R2D73-S-BT2
2025-04-04 19:25:50,WOBF7G00L,R2D73-S-BT1
2025-04-04 19:25:48,WOBF1K00S,R2D73-S-CT1
2025-04-04 19:25:47,WOBF1K00M,R2D73-S-CT2
2025-04-04 19:25:45,EMPTY,R2D73-S-CT3
2025-04-04 19:25:42,WOBF1K2XL,R2D73-S-DT3
2025-04-04 19:25:36,WOBF1K0XL,R2D73-S-DT2
2025-04-04 19:25:34,WOBF1K00L,R2D73-S-DT1
2025-04-04 19:25:11,NLPT4Q00M,R2E73-S-AT3
2025-04-04 19:25:09,NLPT4Q00S,R2E73-S-AT2
2025-04-04 19:25:08,NLPT4Q0XS,R2E73-S-AT1
2025-04-04 19:25:06,NLPT4Q2XL,R2E73-S-BT3
2025-04-04 19:25:05,NLPT4Q0XL,R2E73-S-BT2
2025-04-04 19:25:03,NLPT4Q00L,R2E73-S-BT1
2025-04-04 19:24:57,NLPT4Q3XL,R2E73-S-CT1
2025-04-04 19:24:54,NLPT4Q4XL,R2E73-S-CT2
2025-04-04 19:24:51,EMPTY,R2E73-S-CT3
2025-04-04 19:24:47,EMPTY,R2E73-S-DT3
2025-04-04 19:24:45,EMPTY,R2E73-S-DT2
2025-04-04 19:24:44,EMPTY,R2E73-S-DT1
2025-04-04 19:24:41,WOBF2H00S,R2E71-N-AT1
2025-04-04 19:24:39,WOBF2H00M,R2E71-N-AT2
2025-04-04 19:24:38,EMPTY,R2E71-N-AT3
2025-04-04 19:24:36,WOBF2H2XL,R2E71-N-BT3
2025-04-04 19:24:35,WOBF2H0XL,R2E71-N-BT2
2025-04-04 19:24:33,WOBF2H00L,R2E71-N-BT1
2025-04-04 19:24:32,WOBF1R00S,R2E71-N-CT1
2025-04-04 19:24:31,WOBF1R00M,R2E71-N-CT2
2025-04-04 19:24:30,EMPTY,R2E71-N-CT3
2025-04-04 19:24:23,WOBF1R2XL,R2E71-N-DT3
2025-04-04 19:24:18,WOBF1R0XL,R2E71-N-DT2
2025-04-04 19:24:17,WOBF1R00L,R2E71-N-DT1
2025-04-04 19:24:14,NLPT2B0XS,R2D71-N-AT1
2025-04-04 19:24:10,NLPT2B00S,R2D71-N-AT2
2025-04-04 19:24:08,NLPT2B00M,R2D71-N-AT3
2025-04-04 19:24:07,NLPT2B2XL,R2D71-N-BT3
2025-04-04 19:24:05,NLPT2B0XL,R2D71-N-BT2
2025-04-04 19:24:04,NLPT2B00L,R2D71-N-BT1
2025-04-04 19:24:01,NLPT2B3XL,R2D71-N-CT1
2025-04-04 19:24:00,NLPT2B4XL,R2D71-N-CT2
2025-04-04 19:23:59,NLPT2B5XL,R2D71-N-CT3
2025-04-04 19:23:57,NLPTOC2XL,R2D71-N-DT3
2025-04-04 19:23:56,NLPTOC0XL,R2D71-N-DT2
2025-04-04 19:23:54,NLPTOC00L,R2D71-N-DT1
2025-04-04 19:23:51,NLPT4I0XS,R2C71-N-AT1
2025-04-04 19:23:50,NLPT4I00S,R2C71-N-AT2
2025-04-04 19:23:48,NLPT4I00M,R2C71-N-AT3
2025-04-04 19:23:46,NLPT4I2XL,R2C71-N-BT3
2025-04-04 19:23:45,NLPT4I0XL,R2C71-N-BT2
2025-04-04 19:23:33,NLPT4I00L,R2C71-N-BT1
2025-04-04 19:23:31,NLPT4I3XL,R2C71-N-CT1
2025-04-04 19:23:30,NLPT4I4XL,R2C71-N-CT2
2025-04-04 19:23:28,NLPT2B6XL,R2C71-N-CT3
2025-04-04 19:23:27,NLPTOC0XS,R2C71-N-DT3
2025-04-04 19:23:25,NLPTOC00M,R2C71-N-DT2
2025-04-04 19:23:24,NLPTOC00S,R2C71-N-DT1
2025-04-04 19:23:21,NLPT6F0XS,R2B71-N-AT1
2025-04-04 19:23:20,NLPT6F00S,R2B71-N-AT2
2025-04-04 19:23:18,NLPT6F00M,R2B71-N-AT3
2025-04-04 19:23:17,NLPT6F2XL,R2B71-N-BT3
2025-04-04 19:23:15,NLPT6F0XL,R2B71-N-BT2
2025-04-04 19:23:14,NLPT6F00L,R2B71-N-BT1
2025-04-04 19:23:13,NLPT6F3XL,R2B71-N-CT1
2025-04-04 19:23:11,NLPT6F4XL,R2B71-N-CT2
2025-04-04 19:23:05,NLPTMJ0XS,R2B71-N-DT3
2025-04-04 19:23:04,NLPTMJ00M,R2B71-N-DT2
2025-04-04 19:23:02,NLPTMJ00S,R2B71-N-DT1
2025-04-04 19:22:56,NLPTQ80XS,R2B71-S-AT1
2025-04-04 19:22:55,NLPTQ800S,R2B71-S-AT2
2025-04-04 19:22:53,NLPTQ800M,R2B71-S-AT3
2025-04-04 19:22:52,NLPTQ82XL,R2B71-S-BT3
2025-04-04 19:22:48,NLPTQ80XL,R2B71-S-BT2
2025-04-04 19:22:46,NLPTQ800L,R2B71-S-BT1
2025-04-04 19:22:42,NLPTQ83XL,R2B71-S-CT1
2025-04-04 19:22:41,NLPTQ84XL,R2B71-S-CT2
2025-04-04 19:22:39,EMPTY,R2B71-S-CT3
2025-04-04 19:22:38,EMPTY,R2B71-S-DT3
2025-04-04 19:22:36,EMPTY,R2B71-S-DT2
2025-04-04 19:22:34,EMPTY,R2B71-S-DT1
2025-04-04 19:22:31,NLPT0Y0XS,R2C71-S-AT1
2025-04-04 19:22:29,NLPT0Y00S,R2C71-S-AT2
2025-04-04 19:22:27,NLPT0Y00M,R2C71-S-AT3
2025-04-04 19:22:26,NLPT0Y2XL,R2C71-S-BT3
2025-04-04 19:22:24,NLPT0Y0XL,R2C71-S-BT2
2025-04-04 19:22:23,NLPT0Y00L,R2C71-S-BT1
2025-04-04 19:22:22,NLPT0Y3XL,R2C71-S-CT1
2025-04-04 19:22:20,NLPT0Y4XL,R2C71-S-CT2
2025-04-04 19:22:18,EMPTY,R2C71-S-CT3
2025-04-04 19:22:17,EMPTY,R2C71-S-DT3
2025-04-04 19:22:16,EMPTY,R2C71-S-DT2
2025-04-04 19:22:15,EMPTY,R2C71-S-DT1
2025-04-04 19:22:12,NLPT4R0XS,R2D71-S-AT1
2025-04-04 19:22:10,NLPT4R00S,R2D71-S-AT2
2025-04-04 19:22:06,NLPT4R00M,R2D71-S-AT3
2025-04-04 19:22:05,NLPT4R2XL,R2D71-S-BT3
2025-04-04 19:22:02,NLPT4R0XL,R2D71-S-BT2
2025-04-04 19:22:00,NLPT4R00L,R2D71-S-BT1
2025-04-04 19:21:59,NLPT4R3XL,R2D71-S-CT1
2025-04-04 19:21:57,NLPT4R4XL,R2D71-S-CT2
2025-04-04 19:21:56,NLPT4R5XL,R2D71-S-CT3
2025-04-04 19:21:54,EMPTY,R2D71-S-DT3
2025-04-04 19:21:53,EMPTY,R2D71-S-DT2
2025-04-04 19:21:51,NLPT4R6XL,R2D71-S-DT1
2025-04-04 19:21:49,WOBF3C00S,R2E71-S-AT1
2025-04-04 19:21:47,WOBF3C00M,R2E71-S-AT2
2025-04-04 19:21:46,EMPTY,R2E71-S-AT3
2025-04-04 19:21:44,WOBF3C2XL,R2E71-S-BT3
2025-04-04 19:21:43,WOBF3C0XL,R2E71-S-BT2
2025-04-04 19:21:41,WOBF3C00L,R2E71-S-BT1
2025-04-04 19:21:40,WOBF1W00S,R2E71-S-CT1
2025-04-04 19:21:39,WOBF1W00M,R2E71-S-CT2
2025-04-04 19:21:37,EMPTY,R2E71-S-CT3
2025-04-04 19:21:36,WOBF1W2XL,R2E71-S-DT3
2025-04-04 19:21:34,WOBF1W0XL,R2E71-S-DT2
2025-04-04 19:21:29,WOBF1W00L,R2E71-S-DT1
2025-04-04 19:21:26,WOBF8D00S,R2E69-N-AT1
2025-04-04 19:21:23,WOBF8D00M,R2E69-N-AT2
2025-04-04 19:21:22,EMPTY,R2E69-N-AT3
2025-04-04 19:21:20,WOBF8D2XL,R2E69-N-BT3
2025-04-04 19:21:19,WOBF8D0XL,R2E69-N-BT2
2025-04-04 19:21:17,WOBF8D00L,R2E69-N-BT1
2025-04-04 19:21:16,WOBF4B00S,R2E69-N-CT1
2025-04-04 19:21:14,WOBF4B00M,R2E69-N-CT2
2025-04-04 19:21:13,EMPTY,R2E69-N-CT3
2025-04-04 19:21:11,WOBF4B2XL,R2E69-N-DT3
2025-04-04 19:21:10,WOBF4B0XL,R2E69-N-DT2
2025-04-04 19:21:09,WOBF4B00L,R2E69-N-DT1
2025-04-04 19:21:05,WOBFM700S,R2D69-N-AT1
2025-04-04 19:21:03,WOBFM700M,R2D69-N-AT2
2025-04-04 19:21:02,EMPTY,R2D69-N-AT3
2025-04-04 19:21:00,WOBFM72XL,R2D69-N-BT3
2025-04-04 19:20:59,WOBFM70XL,R2D69-N-BT2
2025-04-04 19:20:57,WOBFM700L,R2D69-N-BT1
2025-04-04 19:20:56,WOBF2L00S,R2D69-N-CT1
2025-04-04 19:20:55,WOBF2L00M,R2D69-N-CT2
2025-04-04 19:20:53,EMPTY,R2D69-N-CT3
2025-04-04 19:20:52,WOBF2L2XL,R2D69-N-DT3
2025-04-04 19:20:50,WOBF2L0XL,R2D69-N-DT2
2025-04-04 19:20:49,WOBF2L00L,R2D69-N-DT1
2025-04-04 19:20:45,EMPTY,R2C69-N-AT1
2025-04-04 19:20:44,EMPTY,R2C69-N-AT2
2025-04-04 19:20:43,EMPTY,R2C69-N-AT3
2025-04-04 19:20:41,EMPTY,R2C69-N-BT1
2025-04-04 19:20:39,EMPTY,R2C69-N-BT3
2025-04-04 19:20:38,EMPTY,R2C69-N-BT2
2025-04-04 19:20:36,EMPTY,R2C69-N-CT1
2025-04-04 19:20:34,EMPTY,R2C69-N-CT3
2025-04-04 19:20:33,EMPTY,R2C69-N-CT2
2025-04-04 19:20:11,EMPTY,R2C69-N-DT3
2025-04-04 19:20:09,EMPTY,R2C69-N-DT2
2025-04-04 19:20:08,EMPTY,R2C69-N-DT1
2025-04-04 19:20:04,EMPTY,R2B69-N-AT3
2025-04-04 19:20:03,WOBF3E00M,R2B69-N-AT2
2025-04-04 19:20:01,WOBF3E00S,R2B69-N-AT1
2025-04-04 19:19:59,WOBF3E00L,R2B69-N-BT1
2025-04-04 19:19:58,WOBF3E0XL,R2B69-N-BT2
2025-04-04 19:19:57,WOBF3E2XL,R2B69-N-BT3
2025-04-04 19:19:55,EMPTY,R2B69-N-CT3
2025-04-04 19:19:54,WOBF5C00S,R2B69-N-CT1
2025-04-04 19:19:52,WOBF5C00M,R2B69-N-CT2
2025-04-04 19:19:51,WOBF5C2XL,R2B69-N-DT3
2025-04-04 19:19:49,WOBF5C0XL,R2B69-N-DT2
2025-04-04 19:19:48,WOBF5C00L,R2B69-N-DT1
2025-04-04 19:19:42,WOBF9N00S,R2B69-S-AT1
2025-04-04 19:19:41,WOBF9N00M,R2B69-S-AT2
2025-04-04 19:19:39,EMPTY,R2B69-S-AT3
2025-04-04 19:19:36,WOBF9N2XL,R2B69-S-BT3
2025-04-04 19:19:34,WOBF9N0XL,R2B69-S-BT2
2025-04-04 19:19:33,WOBF9N00L,R2B69-S-BT1
2025-04-04 19:19:19,WOBF3K00S,R2B69-S-CT1
2025-04-04 19:19:18,WOBF3K00M,R2B69-S-CT2
2025-04-04 19:19:17,WOBF3K0XS,R2B69-S-CT3
2025-04-04 19:19:15,WOBF3K2XL,R2B69-S-DT3
2025-04-04 19:19:13,WOBF3K0XL,R2B69-S-DT2
2025-04-04 19:19:12,WOBF3K00L,R2B69-S-DT1
2025-04-04 19:19:08,WOBF5I00S,R2C69-S-AT1
2025-04-04 19:19:06,WOBF5I00M,R2C69-S-AT2
2025-04-04 19:19:05,EMPTY,R2C69-S-AT3
2025-04-04 19:19:03,WOBF5I2XL,R2C69-S-BT3
2025-04-04 19:19:02,WOBF5I0XL,R2C69-S-BT2
2025-04-04 19:19:01,WOBF5I00L,R2C69-S-BT1
2025-04-04 19:18:59,WOBF3J00S,R2C69-S-CT1
2025-04-04 19:18:58,WOBF3J00M,R2C69-S-CT2
2025-04-04 19:18:56,EMPTY,R2C69-S-CT3
2025-04-04 19:18:54,WOBF3J2XL,R2C69-S-DT3
2025-04-04 19:18:53,WOBF3J0XL,R2C69-S-DT2
2025-04-04 19:18:51,WOBF3J00L,R2C69-S-DT1
2025-04-04 19:18:49,EMPTY,R2D69-S-AT3
2025-04-04 19:18:47,WOBF1K00M,R2D69-S-AT2
2025-04-04 19:18:46,WOBF1K00S,R2D69-S-AT1
2025-04-04 19:18:40,WOBF1K0XL,R2D69-S-BT2
2025-04-04 19:18:02,WOBF1K2XL,R2D69-S-BT3
2025-04-04 19:17:54,WOBF1K00L,R2D69-S-BT1
2025-04-04 19:17:51,EMPTY,R2D69-S-CT1
2025-04-04 19:17:48,EMPTY,R2D69-S-CT3
2025-04-04 19:17:47,EMPTY,R2D69-S-CT2
2025-04-04 19:17:46,EMPTY,R2D69-S-DT3
2025-04-04 19:17:44,EMPTY,R2D69-S-DT2
2025-04-04 19:17:43,EMPTY,R2D69-S-DT1
2025-04-04 19:17:40,WOBF1B00S,R2E69-S-AT1
2025-04-04 19:17:39,WOBF1B00M,R2E69-S-AT2
2025-04-04 19:17:37,EMPTY,R2E69-S-AT3
2025-04-04 19:17:34,WOBF1B2XL,R2E69-S-BT3
2025-04-04 19:17:33,WOBF1B0XL,R2E69-S-BT2
2025-04-04 19:17:31,WOBF1B00L,R2E69-S-BT1
2025-04-04 19:17:30,WOBF1Y00S,R2E69-S-CT1
2025-04-04 19:17:28,WOBF1Y00M,R2E69-S-CT2
2025-04-04 19:17:27,EMPTY,R2E69-S-CT3
2025-04-04 19:17:25,WOBF1Y2XL,R2E69-S-DT3
2025-04-04 19:17:24,WOBF1Y0XL,R2E69-S-DT2
2025-04-04 19:17:23,WOBF1Y00L,R2E69-S-DT1
2025-04-04 19:17:20,WOBF5Q00S,R2E67-N-AT1
2025-04-04 19:17:18,WOBF5Q00M,R2E67-N-AT2
2025-04-04 19:17:17,EMPTY,R2E67-N-AT3
2025-04-04 19:17:15,WOBF5Q2XL,R2E67-N-BT3
2025-04-04 19:17:14,WOBF5Q0XL,R2E67-N-BT2
2025-04-04 19:17:12,WOBF5Q00L,R2E67-N-BT1
2025-04-04 19:17:11,WOBF1O00S,R2E67-N-CT1
2025-04-04 19:17:09,WOBF1O00M,R2E67-N-CT2
2025-04-04 19:17:08,EMPTY,R2E67-N-CT3
2025-04-04 19:16:54,WOBF1O2XL,R2E67-N-DT3
2025-04-04 19:16:50,WOBF1O0XL,R2E67-N-DT2
2025-04-04 19:16:42,WOBF1O00L,R2E67-N-DT1
2025-04-04 19:16:35,WOBF2L00S,R2D67-N-AT1
2025-04-04 19:16:34,WOBF2L00M,R2D67-N-AT2
2025-04-04 19:16:32,EMPTY,R2D67-N-AT3
2025-04-04 19:16:30,WOBF2L2XL,R2D67-N-BT3
2025-04-04 19:16:29,WOBF2L0XL,R2D67-N-BT2
2025-04-04 19:16:28,WOBF2L00L,R2D67-N-BT1
2025-04-04 19:16:26,WOBF1P00S,R2D67-N-CT1
2025-04-04 19:16:25,WOBF1P00M,R2D67-N-CT2
2025-04-04 19:16:24,EMPTY,R2D67-N-CT3
2025-04-04 19:16:22,WOBF1P2XL,R2D67-N-DT3
2025-04-04 19:16:16,WOBF1P0XL,R2D67-N-DT2
2025-04-04 19:16:14,WOBF1P00L,R2D67-N-DT1
2025-04-04 19:16:12,WOBF3Y00S,R2C67-N-AT1
2025-04-04 19:16:11,WOBF3Y00M,R2C67-N-AT2
2025-04-04 19:16:09,EMPTY,R2C67-N-AT3
2025-04-04 19:16:08,WOBF3Y2XL,R2C67-N-BT3
2025-04-04 19:16:06,WOBF3Y0XL,R2C67-N-BT2
2025-04-04 19:16:05,WOBF3Y00L,R2C67-N-BT1
2025-04-04 19:16:04,WOBF1N00S,R2C67-N-CT1
2025-04-04 19:16:02,WOBF1N00M,R2C67-N-CT2
2025-04-04 19:16:01,EMPTY,R2C67-N-CT3
2025-04-04 19:15:59,WOBF1N2XL,R2C67-N-DT3
2025-04-04 19:15:55,WOBF1N0XL,R2C67-N-DT2
2025-04-04 19:15:53,WOBF1N00L,R2C67-N-DT1
2025-04-04 19:15:51,WOBF0R00S,R2B67-N-AT1
2025-04-04 19:15:50,WOBF0R00M,R2B67-N-AT2
2025-04-04 19:15:48,EMPTY,R2B67-N-AT3
2025-04-04 19:15:47,WOBF0R2XL,R2B67-N-BT3
2025-04-04 19:15:46,WOBF0R0XL,R2B67-N-BT2
2025-04-04 19:15:45,WOBF0R00L,R2B67-N-BT1
2025-04-04 19:15:43,WOBF7W00S,R2B67-N-CT1
2025-04-04 19:15:42,WOBF7W00M,R2B67-N-CT2
2025-04-04 19:15:40,EMPTY,R2B67-N-CT3
2025-04-04 19:15:39,WOBF7W2XL,R2B67-N-DT3
2025-04-04 19:15:38,WOBF7W0XL,R2B67-N-DT2
2025-04-04 19:15:36,WOBF7W00L,R2B67-N-DT1
2025-04-04 19:15:31,WOBF4W00S,R2B67-S-AT1
2025-04-04 19:15:30,WOBF4W00M,R2B67-S-AT2
2025-04-04 19:15:24,EMPTY,R2B67-S-AT3
2025-04-04 19:15:21,WOBF4W2XL,R2B67-S-BT3
2025-04-04 19:15:19,WOBF4W0XL,R2B67-S-BT2
2025-04-04 19:15:18,WOBF4W00L,R2B67-S-BT1
2025-04-04 19:15:17,WOBF3F00S,R2B67-S-CT1
2025-04-04 19:15:15,WOBF3F00M,R2B67-S-CT2
2025-04-04 19:15:13,EMPTY,R2B67-S-CT3
2025-04-04 19:15:12,WOBF3F2XL,R2B67-S-DT3
2025-04-04 19:15:08,WOBF3F0XL,R2B67-S-DT2
2025-04-04 19:15:07,WOBF3F00L,R2B67-S-DT1
2025-04-04 19:15:04,EMPTY,R2C67-S-AT3
2025-04-04 19:15:02,WOBF5R00M,R2C67-S-AT2
2025-04-04 19:15:01,WOBF5R00S,R2C67-S-AT1
2025-04-04 19:14:59,WOBF5R2XL,R2C67-S-BT3
2025-04-04 19:14:57,WOBF5R0XL,R2C67-S-BT2
2025-04-04 19:14:56,WOBF5R00L,R2C67-S-BT1
2025-04-04 19:14:28,WOBF6W00S,R2D67-S-AT1
2025-04-04 19:14:26,WOBF6W00M,R2D67-S-AT2
2025-04-04 19:14:25,EMPTY,R2D67-S-AT3
2025-04-04 19:14:22,WOBF6W2XL,R2D67-S-BT3
2025-04-04 19:14:21,WOBF6W0XL,R2D67-S-BT2
2025-04-04 19:14:20,WOBF6W00L,R2D67-S-BT1
2025-04-04 19:14:18,WOBF1Y00S,R2D67-S-CT1
2025-04-04 19:14:17,WOBF1Y00M,R2D67-S-CT2
2025-04-04 19:14:16,EMPTY,R2D67-S-CT3
2025-04-04 19:14:15,WOBF1Y2XL,R2D67-S-DT3
2025-04-04 19:14:13,WOBF1Y0XL,R2D67-S-DT2
2025-04-04 19:14:12,WOBF1Y00L,R2D67-S-DT1
2025-04-04 19:14:10,WOBF6R00S,R2E67-S-AT1
2025-04-04 19:14:08,WOBF6R00M,R2E67-S-AT2
2025-04-04 19:14:06,EMPTY,R2E67-S-AT3
2025-04-04 19:14:05,WOBF6R2XL,R2E67-S-BT3
2025-04-04 19:14:03,WOBF6R0XL,R2E67-S-BT2
2025-04-04 19:14:02,WOBF6R00L,R2E67-S-BT1
2025-04-04 19:14:00,WOBF9F00S,R2E67-S-CT1
2025-04-04 19:13:59,WOBF9F00M,R2E67-S-CT2
2025-04-04 19:13:57,EMPTY,R2E67-S-CT3
2025-04-04 19:13:56,WOBF9F2XL,R2E67-S-DT3
2025-04-04 19:13:55,WOBF9F0XL,R2E67-S-DT2
2025-04-04 19:13:53,WOBF9F00L,R2E67-S-DT1
2025-04-04 19:13:44,NLVN4R00S,R2E65-N-AT1
2025-04-04 19:13:42,NLVN4R00M,R2E65-N-AT2
2025-04-04 19:13:40,NLVN4R00L,R2E65-N-AT3
2025-04-04 19:13:39,EMPTY,R2E65-N-BT3
2025-04-04 19:13:38,NLVN4R2XL,R2E65-N-BT2
2025-04-04 19:13:36,NLVN4R0XL,R2E65-N-BT1
2025-04-04 19:13:34,NLVN1F00S,R2E65-N-CT1
2025-04-04 19:13:32,NLVN1F00M,R2E65-N-CT2
2025-04-04 19:13:31,NLVN1F00L,R2E65-N-CT3
2025-04-04 19:13:28,EMPTY,R2E65-N-DT3
2025-04-04 19:13:26,NLVN1F2XL,R2E65-N-DT2
2025-04-04 19:13:25,NLVN1F0XL,R2E65-N-DT1
2025-04-04 19:13:23,NLVN3N00S,R2D65-N-AT1
2025-04-04 19:13:21,NLVN3N00M,R2D65-N-AT2
2025-04-04 19:13:20,NLVN3N00L,R2D65-N-AT3
2025-04-04 19:13:18,EMPTY,R2D65-N-BT3
2025-04-04 19:13:16,NLVN3N2XL,R2D65-N-BT2
2025-04-04 19:13:15,NLVN3N0XL,R2D65-N-BT1
2025-04-04 19:13:13,NLVNR300S,R2D65-N-CT1
2025-04-04 19:13:12,NLVNR300M,R2D65-N-CT2
2025-04-04 19:13:11,NLVNR300L,R2D65-N-CT3
2025-04-04 19:13:09,EMPTY,R2D65-N-DT3
2025-04-04 19:13:08,NLVNR32XL,R2D65-N-DT2
2025-04-04 19:13:06,NLVNR30XL,R2D65-N-DT1
2025-04-04 19:13:04,EMPTY,R2C65-N-AT1
2025-04-04 19:13:01,EMPTY,R2C65-N-AT2
2025-04-04 19:13:00,EMPTY,R2C65-N-AT3
2025-04-04 19:12:58,EMPTY,R2C65-N-BT1
2025-04-04 19:12:56,EMPTY,R2C65-N-BT2
2025-04-04 19:12:55,EMPTY,R2C65-N-BT3
2025-04-04 19:12:54,EMPTY,R2C65-N-CT1
2025-04-04 19:12:52,EMPTY,R2C65-N-CT2
2025-04-04 19:12:51,EMPTY,R2C65-N-CT3
2025-04-04 19:12:50,EMPTY,R2C65-N-DT3
2025-04-04 19:12:48,EMPTY,R2C65-N-DT2
2025-04-04 19:12:47,EMPTY,R2C65-N-DT1
2025-04-04 19:12:43,WOBF9N00S,R2B65-N-AT1
2025-04-04 19:12:41,WOBF9N00M,R2B65-N-AT2
2025-04-04 19:12:40,EMPTY,R2B65-N-AT3
2025-04-04 19:12:38,WOBF9N2XL,R2B65-N-BT3
2025-04-04 19:12:37,WOBF9N0XL,R2B65-N-BT2
2025-04-04 19:12:35,WOBF9N00L,R2B65-N-BT1
2025-04-04 19:12:34,WOBFP500S,R2B65-N-CT1
2025-04-04 19:12:33,WOBFP500M,R2B65-N-CT2
2025-04-04 19:12:31,EMPTY,R2B65-N-CT3
2025-04-04 19:12:28,WOBFP52XL,R2B65-N-DT3
2025-04-04 19:12:27,WOBFP50XL,R2B65-N-DT2
2025-04-04 19:12:25,WOBFP500L,R2B65-N-DT1
2025-04-04 19:12:20,WOBF5K00S,R2B65-S-AT1
2025-04-04 19:12:18,WOBF5K00M,R2B65-S-AT2
2025-04-04 19:12:17,EMPTY,R2B65-S-AT3
2025-04-04 19:12:15,WOBF5K2XL,R2B65-S-BT3
2025-04-04 19:12:14,WOBF5K0XL,R2B65-S-BT2
2025-04-04 19:12:13,WOBF5K00L,R2B65-S-BT1
2025-04-04 19:12:09,WOBFH02XL,R2B65-S-DT3
2025-04-04 19:12:07,WOBFH00XL,R2B65-S-DT2
2025-04-04 19:12:06,WOBFH000L,R2B65-S-DT1
2025-04-04 19:04:53,NLVN0Y00S,R2C65-S-AT1
2025-04-04 19:04:50,NLVN0Y00M,R2C65-S-AT2
2025-04-04 19:04:49,NLVN0Y00L,R2C65-S-AT3
2025-04-04 19:04:47,EMPTY,R2C65-S-BT3
2025-04-04 19:04:45,NLVN0Y2XL,R2C65-S-BT2
2025-04-04 19:04:44,NLVN0Y0XL,R2C65-S-BT1
2025-04-04 19:04:42,NLVNQ900S,R2C65-S-CT1
2025-04-04 19:04:41,NLVNQ900M,R2C65-S-CT2
2025-04-04 19:04:39,NLVNQ900L,R2C65-S-CT3
2025-04-04 19:04:38,EMPTY,R2C65-S-DT3
2025-04-04 19:04:36,NLVNQ92XL,R2C65-S-DT2
2025-04-04 19:04:35,NLVNQ90XL,R2C65-S-DT1
2025-04-04 19:04:32,NLVN2B00S,R2D65-S-AT1
2025-04-04 19:04:31,NLVN2B00M,R2D65-S-AT2
2025-04-04 19:04:29,NLVN2B00L,R2D65-S-AT3
2025-04-04 19:04:27,EMPTY,R2D65-S-BT3
2025-04-04 19:04:26,NLVN2B2XL,R2D65-S-BT2
2025-04-04 19:04:25,NLVN2B0XL,R2D65-S-BT1
2025-04-04 19:04:22,NLVN2W00S,R2D65-S-CT1
2025-04-04 19:04:20,NLVN2W00M,R2D65-S-CT2
2025-04-04 19:04:19,NLVN2W00L,R2D65-S-CT3
2025-04-04 19:04:17,EMPTY,R2D65-S-DT3
2025-04-04 19:04:15,NLVN2W2XL,R2D65-S-DT2
2025-04-04 19:04:13,NLVN2W0XL,R2D65-S-DT1
2025-04-04 19:04:10,NLVN4Q00S,R2E65-S-AT1
2025-04-04 19:04:08,NLVN4Q00M,R2E65-S-AT2
2025-04-04 19:04:06,NLVN4Q00L,R2E65-S-AT3
2025-04-04 19:04:04,EMPTY,R2E65-S-BT3
2025-04-04 19:04:01,NLVN4Q2XL,R2E65-S-BT2
2025-04-04 19:04:00,NLVN4Q0XL,R2E65-S-BT1
2025-04-04 19:03:59,NLVN7D00S,R2E65-S-CT1
2025-04-04 19:03:57,NLVN7D00M,R2E65-S-CT2
2025-04-04 19:03:56,NLVN7D00L,R2E65-S-CT3
2025-04-04 19:03:54,EMPTY,R2E65-S-DT3
2025-04-04 19:03:53,NLVN7D2XL,R2E65-S-DT2
2025-04-04 19:03:51,NLVN7D0XL,R2E65-S-DT1
2025-04-04 19:03:46,UCWT1Q00S,R2E63-N-AT1
2025-04-04 19:03:44,UCWT1Q00M,R2E63-N-AT2
2025-04-04 19:03:43,UCWT1Q0XS,R2E63-N-AT3
2025-04-04 19:03:40,UCWT1Q2XL,R2E63-N-BT3
2025-04-04 19:03:39,UCWT1Q0XL,R2E63-N-BT2
2025-04-04 19:03:37,UCWT1Q00L,R2E63-N-BT1
2025-04-04 19:03:35,UCWT1N00S,R2E63-N-CT1
2025-04-04 19:03:33,UCWT1N00M,R2E63-N-CT2
2025-04-04 19:03:32,UCWT1N0XS,R2E63-N-CT3
2025-04-04 19:03:30,UCWT1N2XL,R2E63-N-DT3
2025-04-04 19:03:29,UCWT1N0XL,R2E63-N-DT2
2025-04-04 19:03:27,UCWT1N00L,R2E63-N-DT1
2025-04-04 19:03:22,UCWT1W00S,R2D63-N-AT1
2025-04-04 19:03:21,UCWT1W00M,R2D63-N-AT2
2025-04-04 19:03:19,UCWT1W0XS,R2D63-N-AT3
2025-04-04 19:03:17,UCWT1W2XL,R2D63-N-BT3
2025-04-04 19:03:16,UCWT1W0XL,R2D63-N-BT2
2025-04-04 19:03:15,UCWT1W00L,R2D63-N-BT1
2025-04-04 19:03:13,UCWT1B00S,R2D63-N-CT1
2025-04-04 19:03:11,UCWT1B00M,R2D63-N-CT2
2025-04-04 19:03:10,UCWT1B0XS,R2D63-N-CT3
2025-04-04 19:03:08,UCWT1B2XL,R2D63-N-DT3
2025-04-04 19:03:07,UCWT1B0XL,R2D63-N-DT2
2025-04-04 19:02:59,UCWT1B00L,R2D63-N-DT1
2025-04-04 19:02:56,WHBT6Y00S,R2C63-N-AT1
2025-04-04 19:02:55,WHBT6Y00M,R2C63-N-AT2
2025-04-04 19:02:53,WHBT6Y00L,R2C63-N-AT3
2025-04-04 19:02:52,EMPTY,R2C63-N-BT3
2025-04-04 19:02:50,WHBT6Y2XL,R2C63-N-BT2
2025-04-04 19:02:49,WHBT6Y0XL,R2C63-N-BT1
2025-04-04 19:02:47,WHBTJ500S,R2C63-N-CT1
2025-04-04 19:02:46,WHBTJ500M,R2C63-N-CT2
2025-04-04 19:02:44,WHBTJ500L,R2C63-N-CT3
2025-04-04 19:02:43,EMPTY,R2C63-N-DT3
2025-04-04 19:02:41,WHBTJ52XL,R2C63-N-DT2
2025-04-04 19:02:40,WHBTJ50XL,R2C63-N-DT1
2025-04-04 19:02:31,WHBTC300S,R2B63-N-AT1
2025-04-04 19:02:29,WHBTC300M,R2B63-N-AT2
2025-04-04 19:02:28,WHBTC300L,R2B63-N-AT3
2025-04-04 19:02:25,EMPTY,R2B63-N-BT3
2025-04-04 19:02:21,WHBTC32XL,R2B63-N-BT2
2025-04-04 19:02:20,WHBTC30XL,R2B63-N-BT1
2025-04-04 19:02:18,WHBT0X00S,R2B63-N-CT1
2025-04-04 19:02:17,WHBT0X00M,R2B63-N-CT2
2025-04-04 19:02:15,WHBT0X00L,R2B63-N-CT3
2025-04-04 19:02:14,EMPTY,R2B63-N-DT3
2025-04-04 19:02:12,WHBT0X2XL,R2B63-N-DT2
2025-04-04 19:02:06,WHBT0X0XL,R2B63-N-DT1
2025-04-04 19:01:55,WHBTK300S,R2B63-S-AT1
2025-04-04 19:01:53,WHBTK300M,R2B63-S-AT2
2025-04-04 19:01:51,WHBTK300L,R2B63-S-AT3
2025-04-04 19:01:49,EMPTY,R2B63-S-BT3
2025-04-04 19:01:48,WHBTK32XL,R2B63-S-BT2
2025-04-04 19:01:46,WHBTK30XL,R2B63-S-BT1
2025-04-04 19:01:45,WHBTUC00S,R2B63-S-CT1
2025-04-04 19:01:43,WHBTUC00M,R2B63-S-CT2
2025-04-04 19:01:41,WHBTUC00L,R2B63-S-CT3
2025-04-04 19:01:40,EMPTY,R2B63-S-DT3
2025-04-04 19:01:38,WHBTUC2XL,R2B63-S-DT2
2025-04-04 19:01:33,WHBTUC0XL,R2B63-S-DT1
2025-04-04 19:01:30,WHBT1B00S,R2C63-S-AT1
2025-04-04 19:01:28,WHBT1B00M,R2C63-S-AT2
2025-04-04 19:01:27,WHBT1B00L,R2C63-S-AT3
2025-04-04 19:01:23,EMPTY,R2C63-S-BT3
2025-04-04 19:01:22,WHBT1B2XL,R2C63-S-BT2
2025-04-04 19:01:21,WHBT1B0XL,R2C63-S-BT1
2025-04-04 19:01:07,UCWT4N00S,R2D63-S-AT1
2025-04-04 19:01:06,UCWT4N00M,R2D63-S-AT2
2025-04-04 19:01:04,UCWT4N0XS,R2D63-S-AT3
2025-04-04 19:01:02,UCWT4N2XL,R2D63-S-BT3
2025-04-04 19:01:00,UCWT4N0XL,R2D63-S-BT2
2025-04-04 19:00:59,UCWT4N00L,R2D63-S-BT1
2025-04-04 19:00:58,UCWT2K00S,R2D63-S-CT1
2025-04-04 19:00:56,UCWT2K00M,R2D63-S-CT2
2025-04-04 19:00:55,UCWT2K0XS,R2D63-S-CT3
2025-04-04 19:00:53,UCWT2K2XL,R2D63-S-DT3
2025-04-04 19:00:52,UCWT2K0XL,R2D63-S-DT2
2025-04-04 19:00:50,UCWT2K00L,R2D63-S-DT1
2025-04-04 19:00:45,UCWT7C00S,R2E63-S-AT1
2025-04-04 19:00:43,UCWT7C00M,R2E63-S-AT2
2025-04-04 19:00:41,UCWT7C0XS,R2E63-S-AT3
2025-04-04 19:00:39,UCWT7C2XL,R2E63-S-BT3
2025-04-04 19:00:37,UCWT7C0XL,R2E63-S-BT2
2025-04-04 19:00:36,UCWT7C00L,R2E63-S-BT1
2025-04-04 19:00:34,UCWT4H00S,R2E63-S-CT1
2025-04-04 19:00:32,UCWT4H00M,R2E63-S-CT2
2025-04-04 19:00:31,UCWT4H0XS,R2E63-S-CT3
2025-04-04 19:00:26,UCWT4H2XL,R2E63-S-DT3
2025-04-04 19:00:25,UCWT4H0XL,R2E63-S-DT2
2025-04-04 19:00:22,UCWT4H00L,R2E63-S-DT1
2025-04-04 19:00:16,ALLS4Y00M,R2E61-N-AD2
2025-04-04 19:00:15,ALLS4Y00S,R2E61-N-AD1
2025-04-04 19:00:13,ALLS4Y00L,R2E61-N-BD1
2025-04-04 19:00:11,ALLS4Y0XL,R2E61-N-BD2
2025-04-04 19:00:08,ALLS1O00M,R2E61-N-CD2
2025-04-04 19:00:03,ALLS1O00S,R2E61-N-CD1
2025-04-04 18:59:58,ALLS1O0XL,R2E61-N-DD2
2025-04-04 18:59:56,ALLS1O00L,R2E61-N-DD1
2025-04-04 18:59:54,EMPTY,R2D61-N-AT1
2025-04-04 18:59:52,EMPTY,R2D61-N-AT2
2025-04-04 18:59:48,UCWT8P3XL,R2D61-N-AT3
2025-04-04 18:59:40,UCWT5P3XL,R2D61-N-BT2
2025-04-04 18:59:38,UCWT3G3XL,R2D61-N-BT1
2025-04-04 18:59:37,UCWT7C3XL,R2D61-N-CT1
2025-04-04 18:59:35,UCWT1N3XL,R2D61-N-CT2
2025-04-04 18:59:33,UCWT1Q3XL,R2D61-N-CT3
2025-04-04 18:59:31,UCWT4H3XL,R2D61-N-DT3
2025-04-04 18:59:30,UCWT2K3XL,R2D61-N-DT2
2025-04-04 18:59:27,UCWT4N3XL,R2D61-N-DT1
2025-04-04 18:59:23,EMPTY,R2C61-N-AT3
2025-04-04 18:59:22,EMPTY,R2C61-N-AT2
2025-04-04 18:59:21,EMPTY,R2C61-N-AT1
2025-04-04 18:59:15,EMPTY,R2C61-N-BT1
2025-04-04 18:59:13,EMPTY,R2C61-N-BT2
2025-04-04 18:59:12,EMPTY,R2C61-N-BT3
2025-04-04 18:59:10,EMPTY,R2C61-N-CT3
2025-04-04 18:59:09,EMPTY,R2C61-N-CT2
2025-04-04 18:59:08,EMPTY,R2C61-N-CT1
2025-04-04 18:59:04,EMPTY,R2C61-N-DT3
2025-04-04 18:59:03,EMPTY,R2C61-N-DT2
2025-04-04 18:59:02,EMPTY,R2C61-N-DT1
2025-04-04 18:58:58,UCWT5P00S,R2B61-N-AT1
2025-04-04 18:58:56,UCWT5P00M,R2B61-N-AT2
2025-04-04 18:58:55,UCWT5P0XS,R2B61-N-AT3
2025-04-04 18:58:53,UCWT5P2XL,R2B61-N-BT3
2025-04-04 18:58:51,UCWT5P0XL,R2B61-N-BT2
2025-04-04 18:58:50,UCWT5P00L,R2B61-N-BT1
2025-04-04 18:58:29,UCWT3D0XS,R2B61-S-CT3
2025-04-04 18:58:27,UCWT3D00M,R2B61-S-CT2
2025-04-04 18:58:26,UCWT3D00S,R2B61-S-CT1
2025-04-04 18:58:24,UCWT3D2XL,R2B61-S-DT3
2025-04-04 18:58:22,UCWT3D0XL,R2B61-S-DT2
2025-04-04 18:58:21,UCWT3D00L,R2B61-S-DT1
2025-04-04 18:58:16,UCWT8P0XS,R2C61-S-AT3
2025-04-04 18:58:14,UCWT8P00M,R2C61-S-AT2
2025-04-04 18:58:13,UCWT8P00S,R2C61-S-AT1
2025-04-04 18:58:11,UCWT8P00L,R2C61-S-BT1
2025-04-04 18:58:09,UCWT8P0XL,R2C61-S-BT2
2025-04-04 18:58:08,UCWT8P2XL,R2C61-S-BT3
2025-04-04 18:58:06,UCWT3G0XS,R2C61-S-CT3
2025-04-04 18:58:05,UCWT3G00M,R2C61-S-CT2
2025-04-04 18:58:03,UCWT3G00S,R2C61-S-CT1
2025-04-04 18:58:01,UCWT3G2XL,R2C61-S-DT3
2025-04-04 18:58:00,UCWT3G0XL,R2C61-S-DT2
2025-04-04 18:57:59,UCWT3G00L,R2C61-S-DT1
2025-04-04 18:57:55,UCWT1R00S,R2D61-S-AT1
2025-04-04 18:57:53,UCWT1R00M,R2D61-S-AT2
2025-04-04 18:57:51,UCWT1R0XS,R2D61-S-AT3
2025-04-04 18:57:50,UCWT1R2XL,R2D61-S-BT3
2025-04-04 18:57:48,UCWT1R0XL,R2D61-S-BT2
2025-04-04 18:57:47,UCWT1R00L,R2D61-S-BT1
2025-04-04 18:57:45,UCWT1B3XL,R2D61-S-CT3
2025-04-04 18:57:44,UCWT1W3XL,R2D61-S-CT2
2025-04-04 18:57:42,UCWT1R3XL,R2D61-S-CT1
2025-04-04 18:57:40,UCWT4H3XL,R2D61-S-DT3
2025-04-04 18:57:37,UCWT3D3XL,R2D61-S-DT2
